Nama Merchant;Tanggal Transaksi;Nomor Transaksi;Nominal Transaksi;Tip;Harga;Total Terbayar;MDR;Tipe QR;Terminal;Issuer;Nomor Tagihan;No. Referensi Tagihan;Status;Status Pelimpahan Dana
Warung FIFGROUP 1;2026-05-15 10:49:40;INV/QRM/4B1VJ5/260515/28Z0QOHP;2000;0;2000;2000;0;STATIC;A001;ASTRAPAY;;;BERHASIL;DALAM PROSES
Warung FIFGROUP 1;2026-05-15 10:45:44;INV/QRM/4B1VJ5/260515/28O0MOVE;6500;0;6500;6500;0;STATIC;A001;ASTRAPAY;;;BERHASIL;DALAM PROSES
Warung FIFGROUP 1;2026-05-15 10:19:37;INV/QRM/4B1VJ5/260515/26NLBPY0;23000;0;23000;23000;0;STATIC;A001;ASTRAPAY;;;BERHASIL;DALAM PROSES
Warung FIFGROUP 1;2026-05-13 19:20:29;INV/QRM/4B1VJ5/260513/4465M94R;10000;0;10000;10000;0;STATIC;A001;ASTRAPAY;;;BERHASIL;DALAM PROSES
Warung FIFGROUP 1;2026-05-13 18:41:33;INV/QRM/4B1VJ5/260513/3Y2T4TDH;16500;0;16500;16500;0;STATIC;A001;ASTRAPAY;;;BERHASIL;DALAM PROSES
Warung FIFGROUP 1;2026-05-13 17:01:49;INV/QRM/4B1VJ5/260513/3NADALMF;15000;0;15000;15000;0;STATIC;A001;BCA;;;BERHASIL;DALAM PROSES
Warung FIFGROUP 1;2026-05-13 17:01:46;INV/QRM/4B1VJ5/260513/3NAAX93U;15000;0;15000;15000;0;STATIC;A001;BANK_NEO_COMMERCE;;;BERHASIL;DALAM PROSES
Warung FIFGROUP 1;2026-05-13 16:33:55;INV/QRM/4B1VJ5/260513/3I1N9SQK;35000;0;35000;35000;0;STATIC;A001;BRI;;;BERHASIL;DALAM PROSES
Warung FIFGROUP 1;2026-05-13 16:31:08;INV/QRM/4B1VJ5/260513/3HUS9W2U;15000;0;15000;15000;0;STATIC;A001;BRI;;;BERHASIL;DALAM PROSES
Warung FIFGROUP 1;2026-05-13 15:45:50;INV/QRM/4B1VJ5/260513/3B92TVVI;11500;0;11500;11500;0;STATIC;A001;BCA;;;BERHASIL;DALAM PROSES
Warung FIFGROUP 1;2026-05-13 15:45:15;INV/QRM/4B1VJ5/260513/3B83EX98;35000;0;35000;35000;0;STATIC;A001;93600472;;;BERHASIL;DALAM PROSES
Warung FIFGROUP 1;2026-05-13 15:44:11;INV/QRM/4B1VJ5/260513/3B57A9AS;15000;0;15000;15000;0;STATIC;A001;BCA;;;BERHASIL;DALAM PROSES
Warung FIFGROUP 1;2026-05-13 14:53:05;INV/QRM/4B1VJ5/260513/3449E1TF;7000;0;7000;7000;0;STATIC;A001;BANK_JAGO;;;BERHASIL;DALAM PROSES
Warung FIFGROUP 1;2026-05-13 12:59:30;INV/QRM/4B1VJ5/260513/2P62KV94;75000;0;75000;75000;0;STATIC;A001;DIGITAL_BCA;;;BERHASIL;DALAM PROSES
Warung FIFGROUP 1;2026-05-13 12:58:41;INV/QRM/4B1VJ5/260513/2P3L6517;75000;0;75000;75000;0;STATIC;A001;BCA;;;BERHASIL;DALAM PROSES
Warung FIFGROUP 1;2026-05-13 12:43:21;INV/QRM/4B1VJ5/260513/2NXDKUST;63000;0;63000;63000;0;STATIC;A001;BCA;;;BERHASIL;DALAM PROSES
Warung FIFGROUP 1;2026-05-13 12:24:22;INV/QRM/4B1VJ5/260513/2MGMV3TL;23000;0;23000;23000;0;STATIC;A001;93600472;;;BERHASIL;DALAM PROSES
Warung FIFGROUP 1;2026-05-13 11:50:55;INV/QRM/4B1VJ5/260513/2GRZ6XV1;23000;0;23000;23000;0;STATIC;A001;BNI;;;BERHASIL;DALAM PROSES
Warung FIFGROUP 1;2026-05-13 11:50:49;INV/QRM/4B1VJ5/260513/2GRTJK1J;15000;0;15000;15000;0;STATIC;A001;BNI;;;BERHASIL;DALAM PROSES
Warung FIFGROUP 1;2026-05-13 11:50:20;INV/QRM/4B1VJ5/260513/2GR08Q29;40000;0;40000;40000;0;STATIC;A001;ASTRAPAY;;;BERHASIL;DALAM PROSES
Warung FIFGROUP 1;2026-05-13 11:05:23;INV/QRM/4B1VJ5/260513/2DA3CITI;13500;0;13500;13500;0;STATIC;A001;BCA;;;BERHASIL;DALAM PROSES
Warung FIFGROUP 1;2026-05-13 11:03:49;INV/QRM/4B1VJ5/260513/2D59VXWD;5000;0;5000;5000;0;STATIC;A001;DANA;;;BERHASIL;DALAM PROSES
Warung FIFGROUP 1;2026-05-13 10:27:26;INV/QRM/4B1VJ5/260513/279IRRG6;199500;0;199500;199500;0;STATIC;A001;BCA;;;BERHASIL;DALAM PROSES
Warung FIFGROUP 1;2026-05-13 08:47:41;INV/QRM/4B1VJ5/260513/1TDXJIXG;5500;0;5500;5500;0;STATIC;A001;BRI;;;BERHASIL;DALAM PROSES
Warung FIFGROUP 1;2026-05-13 08:46:31;INV/QRM/4B1VJ5/260513/1TAVZGHW;15000;0;15000;15000;0;STATIC;A001;BANK_JAGO;;;BERHASIL;DALAM PROSES
Warung FIFGROUP 1;2026-05-12 16:18:12;INV/QRM/4B1VJ5/260512/3GUSTT0W;11000;0;11000;11000;0;STATIC;A001;BRI;;;BERHASIL;DALAM PROSES
Warung FIFGROUP 1;2026-05-12 16:04:56;INV/QRM/4B1VJ5/260512/3FT4AU0P;15000;0;15000;15000;0;STATIC;A001;BCA;;;BERHASIL;DALAM PROSES
Warung FIFGROUP 1;2026-05-12 15:35:31;INV/QRM/4B1VJ5/260512/3AGRICX9;9000;0;9000;9000;0;STATIC;A001;ASTRAPAY;;;BERHASIL;DALAM PROSES
Warung FIFGROUP 1;2026-05-12 15:05:52;INV/QRM/4B1VJ5/260512/3860QPTP;11000;0;11000;11000;0;STATIC;A001;BCA;;;BERHASIL;DALAM PROSES
Warung FIFGROUP 1;2026-05-12 14:58:13;INV/QRM/4B1VJ5/260512/34ID28C8;40000;0;40000;40000;0;STATIC;A001;BCA;;;BERHASIL;DALAM PROSES
Warung FIFGROUP 1;2026-05-12 13:43:25;INV/QRM/4B1VJ5/260512/2VN934DX;50000;0;50000;50000;0;STATIC;A001;ASTRAPAY;;;BERHASIL;DALAM PROSES
Warung FIFGROUP 1;2026-05-12 13:11:35;INV/QRM/4B1VJ5/260512/2T6NWDC4;23500;0;23500;23500;0;STATIC;A001;ASTRAPAY;;;BERHASIL;DALAM PROSES
Warung FIFGROUP 1;2026-05-12 11:32:50;INV/QRM/4B1VJ5/260512/2FDUCD0C;10000;0;10000;10000;0;STATIC;A001;BCA;;;BERHASIL;DALAM PROSES
Warung FIFGROUP 1;2026-05-12 11:29:01;INV/QRM/4B1VJ5/260512/2F45IB40;11000;0;11000;11000;0;STATIC;A001;ASTRAPAY;;;BERHASIL;DALAM PROSES
Warung FIFGROUP 1;2026-05-12 11:28:34;INV/QRM/4B1VJ5/260512/2F2APCLE;11000;0;11000;11000;0;STATIC;A001;93600472;;;BERHASIL;DALAM PROSES
Warung FIFGROUP 1;2026-05-12 11:26:12;INV/QRM/4B1VJ5/260512/2EW46L69;53000;0;53000;53000;0;STATIC;A001;93600472;;;BERHASIL;DALAM PROSES
Warung FIFGROUP 1;2026-05-12 11:24:45;INV/QRM/4B1VJ5/260512/2ERH8Q62;7000;0;7000;7000;0;STATIC;A001;SHOPEE;;;BERHASIL;DALAM PROSES
Warung FIFGROUP 1;2026-05-12 11:22:45;INV/QRM/4B1VJ5/260512/2ELX63S3;35000;0;35000;35000;0;STATIC;A001;ASTRAPAY;;;BERHASIL;DALAM PROSES
Warung FIFGROUP 1;2026-05-12 11:16:15;INV/QRM/4B1VJ5/260512/2E4FJYZ5;34000;0;34000;34000;0;STATIC;A001;BCA;;;BERHASIL;DALAM PROSES
Warung FIFGROUP 1;2026-05-12 11:15:29;INV/QRM/4B1VJ5/260512/2E21SOBA;19500;0;19500;19500;0;STATIC;A001;93600472;;;BERHASIL;DALAM PROSES
Warung FIFGROUP 1;2026-05-12 11:05:36;INV/QRM/4B1VJ5/260512/2DAGUVZ4;17500;0;17500;17500;0;STATIC;A001;MANDIRI;;;BERHASIL;DALAM PROSES
Warung FIFGROUP 1;2026-05-12 10:53:45;INV/QRM/4B1VJ5/260512/29A9KQS9;25000;0;25000;25000;0;STATIC;A001;ASTRAPAY;;;BERHASIL;DALAM PROSES
Warung FIFGROUP 1;2026-05-12 10:51:43;INV/QRM/4B1VJ5/260512/294NUL8X;23000;0;23000;23000;0;STATIC;A001;ASTRAPAY;;;BERHASIL;DALAM PROSES
Warung FIFGROUP 1;2026-05-12 10:30:36;INV/QRM/4B1VJ5/260512/27I4ASDL;22000;0;22000;22000;0;STATIC;A001;93600472;;;BERHASIL;DALAM PROSES
Warung FIFGROUP 1;2026-05-12 09:46:45;INV/QRM/4B1VJ5/260512/21112PTC;15000;0;15000;15000;0;STATIC;A001;ASTRAPAY;;;BERHASIL;DALAM PROSES
Warung FIFGROUP 1;2026-05-12 09:23:52;INV/QRM/4B1VJ5/260512/1Z9CXOF9;30500;0;30500;30500;0;STATIC;A001;ASTRAPAY;;;BERHASIL;DALAM PROSES
Warung FIFGROUP 1;2026-05-12 09:13:59;INV/QRM/4B1VJ5/260512/1YHRBCG8;21000;0;21000;21000;0;STATIC;A001;ASTRAPAY;;;BERHASIL;DALAM PROSES
Warung FIFGROUP 1;2026-05-12 09:10:15;INV/QRM/4B1VJ5/260512/1Y871AZ6;23000;0;23000;23000;0;STATIC;A001;SEABANK;;;BERHASIL;DALAM PROSES
Warung FIFGROUP 1;2026-05-12 09:03:46;INV/QRM/4B1VJ5/260512/1XPMSH7G;46000;0;46000;46000;0;STATIC;A001;93600472;;;BERHASIL;DALAM PROSES
Warung FIFGROUP 1;2026-05-12 08:57:33;INV/QRM/4B1VJ5/260512/1U5HSCU4;23000;0;23000;23000;0;STATIC;A001;BCA;;;BERHASIL;DALAM PROSES
Warung FIFGROUP 1;2026-05-11 18:16:26;INV/QRM/4B1VJ5/260511/3W56BIKI;40000;0;40000;40000;0;STATIC;A001;BCA;;;BERHASIL;DALAM PROSES
Warung FIFGROUP 1;2026-05-11 18:10:55;INV/QRM/4B1VJ5/260511/3VPBIDPE;15000;0;15000;15000;0;STATIC;A001;ASTRAPAY;;;BERHASIL;DALAM PROSES
Warung FIFGROUP 1;2026-05-11 17:25:51;INV/QRM/4B1VJ5/260511/3P53Y1HY;5500;0;5500;5500;0;STATIC;A001;ASTRAPAY;;;BERHASIL;DALAM PROSES
Warung FIFGROUP 1;2026-05-11 16:06:37;INV/QRM/4B1VJ5/260511/3FY5EEQY;15000;0;15000;15000;0;STATIC;A001;ASTRAPAY;;;BERHASIL;DALAM PROSES
Warung FIFGROUP 1;2026-05-11 16:04:06;INV/QRM/4B1VJ5/260511/3FRQ57TL;23000;0;23000;23000;0;STATIC;A001;ASTRAPAY;;;BERHASIL;DALAM PROSES
Warung FIFGROUP 1;2026-05-11 16:02:55;INV/QRM/4B1VJ5/260511/3FNJ5XF2;4000;0;4000;4000;0;STATIC;A001;PERMATA;;;BERHASIL;DALAM PROSES
Warung FIFGROUP 1;2026-05-11 15:06:51;INV/QRM/4B1VJ5/260511/388RKP1U;2000;0;2000;2000;0;STATIC;A001;ASTRAPAY;;;BERHASIL;DALAM PROSES
Warung FIFGROUP 1;2026-05-11 15:02:38;INV/QRM/4B1VJ5/260511/37XAKPVQ;15000;0;15000;15000;0;STATIC;A001;ASTRAPAY;;;BERHASIL;DALAM PROSES
Warung FIFGROUP 1;2026-05-11 13:35:17;INV/QRM/4B1VJ5/260511/2V0TYAHZ;9000;0;9000;9000;0;STATIC;A001;ASTRAPAY;;;BERHASIL;DALAM PROSES
Warung FIFGROUP 1;2026-05-11 13:09:11;INV/QRM/4B1VJ5/260511/2T0FIMQF;15000;0;15000;15000;0;STATIC;A001;MANDIRI;;;BERHASIL;DALAM PROSES
Warung FIFGROUP 1;2026-05-11 11:54:55;INV/QRM/4B1VJ5/260511/2H33JB9G;21000;0;21000;21000;0;STATIC;A001;93600472;;;BERHASIL;DALAM PROSES
Warung FIFGROUP 1;2026-05-11 11:53:52;INV/QRM/4B1VJ5/260511/2H08VE2H;21000;0;21000;21000;0;STATIC;A001;ASTRAPAY;;;BERHASIL;DALAM PROSES
Warung FIFGROUP 1;2026-05-11 10:53:33;INV/QRM/4B1VJ5/260511/299X7USV;21000;0;21000;21000;0;STATIC;A001;ASTRAPAY;;;BERHASIL;DALAM PROSES
Warung FIFGROUP 1;2026-05-11 09:55:41;INV/QRM/4B1VJ5/260511/21PXQCPS;15000;0;15000;15000;0;STATIC;A001;SEABANK;;;BERHASIL;DALAM PROSES
Warung FIFGROUP 1;2026-05-11 09:30:25;INV/QRM/4B1VJ5/260511/1ZS1FVBO;18000;0;18000;18000;0;STATIC;A001;PERMATA;;;BERHASIL;DALAM PROSES
Warung FIFGROUP 1;2026-05-11 09:29:23;INV/QRM/4B1VJ5/260511/1ZP7GIQR;18000;0;18000;18000;0;STATIC;A001;ASTRAPAY;;;BERHASIL;DALAM PROSES
Warung FIFGROUP 1;2026-05-11 09:12:42;INV/QRM/4B1VJ5/260511/1YEISDOG;5500;0;5500;5500;0;STATIC;A001;BRI;;;BERHASIL;DALAM PROSES
Warung FIFGROUP 1;2026-05-11 09:05:04;INV/QRM/4B1VJ5/260511/1XU0SN46;15000;0;15000;15000;0;STATIC;A001;93600472;;;BERHASIL;DALAM PROSES
Warung FIFGROUP 1;2026-05-07 15:57:53;INV/QRM/4B1VJ5/260507/3C6H4L2V;27500;0;27500;27500;0;STATIC;A001;PERMATA;;;BERHASIL;DALAM PROSES
Warung FIFGROUP 1;2026-05-07 15:37:15;INV/QRM/4B1VJ5/260507/3ALVT4AB;50000;0;50000;50000;0;STATIC;A001;93600472;;;BERHASIL;DALAM PROSES
Warung FIFGROUP 1;2026-05-07 15:28:49;INV/QRM/4B1VJ5/260507/39XTQMR1;15000;0;15000;15000;0;STATIC;A001;BCA;;;BERHASIL;DALAM PROSES
Warung FIFGROUP 1;2026-05-07 15:04:06;INV/QRM/4B1VJ5/260507/381YZJTO;36000;0;36000;36000;0;STATIC;A001;ASTRAPAY;;;BERHASIL;DALAM PROSES
Warung FIFGROUP 1;2026-05-07 12:44:45;INV/QRM/4B1VJ5/260507/2O0T76NO;35000;0;35000;35000;0;STATIC;A001;ASTRAPAY;;;BERHASIL;DALAM PROSES
Warung FIFGROUP 1;2026-05-07 12:19:44;INV/QRM/4B1VJ5/260507/2M3C8NFR;2500;0;2500;2500;0;STATIC;A001;ASTRAPAY;;;BERHASIL;DALAM PROSES
Warung FIFGROUP 1;2026-05-07 11:25:54;INV/QRM/4B1VJ5/260507/2EUIUKZF;35000;0;35000;35000;0;STATIC;A001;ASTRAPAY;;;BERHASIL;DALAM PROSES
Warung FIFGROUP 1;2026-05-07 10:44:56;INV/QRM/4B1VJ5/260507/28LKMEHL;14000;0;14000;14000;0;STATIC;A001;93600472;;;BERHASIL;DALAM PROSES
Warung FIFGROUP 1;2026-05-07 09:46:30;INV/QRM/4B1VJ5/260507/210MCQZZ;40000;0;40000;40000;0;STATIC;A001;ASTRAPAY;;;BERHASIL;DALAM PROSES
Warung FIFGROUP 1;2026-05-06 16:07:15;INV/QRM/4B1VJ5/260506/3G0B9H9S;444000;0;444000;444000;0;STATIC;A001;ASTRAPAY;;;BERHASIL;DALAM PROSES
Warung FIFGROUP 1;2026-05-06 15:43:51;INV/QRM/4B1VJ5/260506/3B3JFZFD;23000;0;23000;23000;0;STATIC;A001;ASTRAPAY;;;BERHASIL;DALAM PROSES
Warung FIFGROUP 1;2026-05-06 14:58:14;INV/QRM/4B1VJ5/260506/34IEUOXZ;15000;0;15000;15000;0;STATIC;A001;SHOPEE;;;BERHASIL;DALAM PROSES
Warung FIFGROUP 1;2026-05-06 14:36:09;INV/QRM/4B1VJ5/260506/32T5HJX3;18000;0;18000;18000;0;STATIC;A001;OVO;;;BERHASIL;DALAM PROSES
Warung FIFGROUP 1;2026-05-06 13:02:02;INV/QRM/4B1VJ5/260506/2SGQ60I0;44000;0;44000;44000;0;STATIC;A001;ASTRAPAY;;;BERHASIL;DALAM PROSES
Warung FIFGROUP 1;2026-05-06 12:41:06;INV/QRM/4B1VJ5/260506/2NRETGVI;46000;0;46000;46000;0;STATIC;A001;93600472;;;BERHASIL;DALAM PROSES
Warung FIFGROUP 1;2026-05-06 12:24:49;INV/QRM/4B1VJ5/260506/2MHDMG6O;18000;0;18000;18000;0;STATIC;A001;ASTRAPAY;;;BERHASIL;DALAM PROSES
Warung FIFGROUP 1;2026-05-06 11:20:18;INV/QRM/4B1VJ5/260506/2EFMN7IC;15000;0;15000;15000;0;STATIC;A001;BCA;;;BERHASIL;DALAM PROSES
Warung FIFGROUP 1;2026-05-06 11:19:46;INV/QRM/4B1VJ5/260506/2EDMBUXR;18000;0;18000;18000;0;STATIC;A001;ASTRAPAY;;;BERHASIL;DALAM PROSES
Warung FIFGROUP 1;2026-05-06 10:57:26;INV/QRM/4B1VJ5/260506/29KUB3AV;18500;0;18500;18500;0;STATIC;A001;ASTRAPAY;;;BERHASIL;DALAM PROSES
Warung FIFGROUP 1;2026-05-06 10:25:57;INV/QRM/4B1VJ5/260506/274T8S80;15000;0;15000;15000;0;STATIC;A001;BCA;;;BERHASIL;DALAM PROSES
Warung FIFGROUP 1;2026-05-06 10:09:42;INV/QRM/4B1VJ5/260506/25VYC0OP;11000;0;11000;11000;0;STATIC;A001;ASTRAPAY;;;BERHASIL;DALAM PROSES
Warung FIFGROUP 1;2026-05-06 10:05:27;INV/QRM/4B1VJ5/260506/25KFOZ98;11000;0;11000;11000;0;STATIC;A001;ASTRAPAY;;;BERHASIL;DALAM PROSES
Warung FIFGROUP 1;2026-05-06 09:01:39;INV/QRM/4B1VJ5/260506/1XJVRF43;20000;0;20000;20000;0;STATIC;A001;ASTRAPAY;;;BERHASIL;DALAM PROSES
Warung FIFGROUP 1;2026-05-05 16:59:48;INV/QRM/4B1VJ5/260505/3K1OG9OY;27000;0;27000;27000;0;STATIC;A001;93600472;;;BERHASIL;DALAM PROSES
Warung FIFGROUP 1;2026-05-05 16:17:36;INV/QRM/4B1VJ5/260505/3GSOODQT;20500;0;20500;20500;0;STATIC;A001;ASTRAPAY;;;BERHASIL;DALAM PROSES
Warung FIFGROUP 1;2026-05-05 16:06:59;INV/QRM/4B1VJ5/260505/3FYRTK3Q;15000;0;15000;15000;0;STATIC;A001;93600472;;;BERHASIL;DALAM PROSES
Warung FIFGROUP 1;2026-05-05 16:03:34;INV/QRM/4B1VJ5/260505/3FPQMVAV;23000;0;23000;23000;0;STATIC;A001;ASTRAPAY;;;BERHASIL;DALAM PROSES
Warung FIFGROUP 1;2026-05-05 13:36:30;INV/QRM/4B1VJ5/260505/2V3Y71KW;10000;0;10000;10000;0;STATIC;A001;93600472;;;BERHASIL;DALAM PROSES
Warung FIFGROUP 1;2026-05-05 13:35:52;INV/QRM/4B1VJ5/260505/2V1SYCXW;5000;0;5000;5000;0;STATIC;A001;ASTRAPAY;;;BERHASIL;DALAM PROSES
Warung FIFGROUP 1;2026-05-05 13:35:27;INV/QRM/4B1VJ5/260505/2V132KLM;20000;0;20000;20000;0;STATIC;A001;BCA;;;BERHASIL;DALAM PROSES
Warung FIFGROUP 1;2026-05-05 13:05:48;INV/QRM/4B1VJ5/260505/2SQCXJ2A;40000;0;40000;40000;0;STATIC;A001;ASTRAPAY;;;BERHASIL;DALAM PROSES
Warung FIFGROUP 1;2026-05-05 10:34:43;INV/QRM/4B1VJ5/260505/27TFGJ8J;15000;0;15000;15000;0;STATIC;A001;ASTRAPAY;;;BERHASIL;DALAM PROSES
Warung FIFGROUP 1;2026-05-05 08:22:53;INV/QRM/4B1VJ5/260505/1RGTWF14;23000;0;23000;23000;0;STATIC;A001;BCA;;;BERHASIL;DALAM PROSES
Warung FIFGROUP 1;2026-05-04 18:20:46;INV/QRM/4B1VJ5/260504/3WGUB4BX;23000;0;23000;23000;0;STATIC;A001;BANK_JAGO;;;BERHASIL;DALAM PROSES
Warung FIFGROUP 1;2026-05-04 17:17:10;INV/QRM/4B1VJ5/260504/3OHQR6P3;23000;0;23000;23000;0;STATIC;A001;SEABANK;;;BERHASIL;DALAM PROSES
Warung FIFGROUP 1;2026-05-04 13:53:11;INV/QRM/4B1VJ5/260504/2WENYUYE;23000;0;23000;23000;0;STATIC;A001;ASTRAPAY;;;BERHASIL;DALAM PROSES
Warung FIFGROUP 1;2026-05-04 12:17:20;INV/QRM/4B1VJ5/260504/2LX4RWKX;2500;0;2500;2500;0;STATIC;A001;93600472;;;BERHASIL;DALAM PROSES
Warung FIFGROUP 1;2026-05-04 11:59:57;INV/QRM/4B1VJ5/260504/2HH14IFU;15000;0;15000;15000;0;STATIC;A001;SEABANK;;;BERHASIL;DALAM PROSES
Warung FIFGROUP 1;2026-05-04 11:23:46;INV/QRM/4B1VJ5/260504/2EOQ9YCD;10000;0;10000;10000;0;STATIC;A001;ASTRAPAY;;;BERHASIL;DALAM PROSES
Warung FIFGROUP 1;2026-05-04 11:14:42;INV/QRM/4B1VJ5/260504/2DZM1V9K;15000;0;15000;15000;0;STATIC;A001;ASTRAPAY;;;BERHASIL;DALAM PROSES
Warung FIFGROUP 1;2026-05-04 11:07:34;INV/QRM/4B1VJ5/260504/2DFY97V9;59000;0;59000;59000;0;STATIC;A001;ASTRAPAY;;;BERHASIL;DALAM PROSES
Warung FIFGROUP 1;2026-05-04 10:56:18;INV/QRM/4B1VJ5/260504/29HUGHTS;33000;0;33000;33000;0;STATIC;A001;ASTRAPAY;;;BERHASIL;DALAM PROSES
Warung FIFGROUP 1;2026-05-04 10:24:47;INV/QRM/4B1VJ5/260504/271RTLYF;23000;0;23000;23000;0;STATIC;A001;BANK_JAGO;;;BERHASIL;DALAM PROSES
Warung FIFGROUP 1;2026-05-04 10:19:37;INV/QRM/4B1VJ5/260504/26NL34UB;23000;0;23000;23000;0;STATIC;A001;BCA;;;BERHASIL;DALAM PROSES
Warung FIFGROUP 1;2026-05-04 10:16:39;INV/QRM/4B1VJ5/260504/26FBPXWY;18000;0;18000;18000;0;STATIC;A001;ASTRAPAY;;;BERHASIL;DALAM PROSES
Warung FIFGROUP 1;2026-04-30 21:16:36;INV/QRM/4B1VJ5/260430/4JAS4SXL;15000;0;15000;15000;0;STATIC;A001;ASTRAPAY;;;BERHASIL;DALAM PROSES
Warung FIFGROUP 1;2026-04-30 18:44:43;INV/QRM/4B1VJ5/260430/3YBF7CD8;53000;0;53000;53000;0;STATIC;A001;93600472;;;BERHASIL;DALAM PROSES
Warung FIFGROUP 1;2026-04-30 16:07:50;INV/QRM/4B1VJ5/260430/3G1ADWP0;18000;0;18000;18000;0;STATIC;A001;ASTRAPAY;;;BERHASIL;DALAM PROSES
Warung FIFGROUP 1;2026-04-30 15:54:26;INV/QRM/4B1VJ5/260430/3BXEDAXC;23000;0;23000;23000;0;STATIC;A001;ASTRAPAY;;;BERHASIL;DALAM PROSES
Warung FIFGROUP 1;2026-04-30 15:24:28;INV/QRM/4B1VJ5/260430/39M4Y3QM;40000;0;40000;40000;0;STATIC;A001;ASTRAPAY;;;BERHASIL;DALAM PROSES
Warung FIFGROUP 1;2026-04-30 14:41:00;INV/QRM/4B1VJ5/260430/336S31XG;23000;0;23000;23000;0;STATIC;A001;ASTRAPAY;;;BERHASIL;DALAM PROSES
Warung FIFGROUP 1;2026-04-30 14:30:24;INV/QRM/4B1VJ5/260430/32CW8PLW;23000;0;23000;23000;0;STATIC;A001;ASTRAPAY;;;BERHASIL;DALAM PROSES
Warung FIFGROUP 1;2026-04-30 14:17:02;INV/QRM/4B1VJ5/260430/31C6IBND;23000;0;23000;23000;0;STATIC;A001;PERMATA;;;BERHASIL;DALAM PROSES
Warung FIFGROUP 1;2026-04-30 12:28:33;INV/QRM/4B1VJ5/260430/2MS1TKON;35000;0;35000;35000;0;STATIC;A001;SEABANK;;;BERHASIL;DALAM PROSES
Warung FIFGROUP 1;2026-04-30 12:26:21;INV/QRM/4B1VJ5/260430/2MM5MEBB;15000;0;15000;15000;0;STATIC;A001;93600472;;;BERHASIL;DALAM PROSES
Warung FIFGROUP 1;2026-04-30 12:22:47;INV/QRM/4B1VJ5/260430/2MBRASBH;69000;0;69000;69000;0;STATIC;A001;93600472;;;BERHASIL;DALAM PROSES
Warung FIFGROUP 1;2026-04-30 12:21:40;INV/QRM/4B1VJ5/260430/2M8SAHOU;75000;0;75000;75000;0;STATIC;A001;ASTRAPAY;;;BERHASIL;DALAM PROSES
Warung FIFGROUP 1;2026-04-30 12:05:35;INV/QRM/4B1VJ5/260430/2L07ZYET;23000;0;23000;23000;0;STATIC;A001;ASTRAPAY;;;BERHASIL;DALAM PROSES
Warung FIFGROUP 1;2026-04-30 11:53:21;INV/QRM/4B1VJ5/260430/2GZDMMRE;58000;0;58000;58000;0;STATIC;A001;PERMATA;;;BERHASIL;DALAM PROSES
Warung FIFGROUP 1;2026-04-30 11:51:24;INV/QRM/4B1VJ5/260430/2GTWBYFI;15000;0;15000;15000;0;STATIC;A001;ASTRAPAY;;;BERHASIL;DALAM PROSES
Warung FIFGROUP 1;2026-04-30 11:47:01;INV/QRM/4B1VJ5/260430/2GI5NT3Z;35000;0;35000;35000;0;STATIC;A001;ASTRAPAY;;;BERHASIL;DALAM PROSES
Warung FIFGROUP 1;2026-04-30 11:36:52;INV/QRM/4B1VJ5/260430/2FP0L6UG;35000;0;35000;35000;0;STATIC;A001;93600472;;;BERHASIL;DALAM PROSES
Warung FIFGROUP 1;2026-04-30 11:35:40;INV/QRM/4B1VJ5/260430/2FLW8MD0;35000;0;35000;35000;0;STATIC;A001;DIGITAL_BCA;;;BERHASIL;DALAM PROSES
Warung FIFGROUP 1;2026-04-30 11:34:18;INV/QRM/4B1VJ5/260430/2FII1GXA;72000;0;72000;72000;0;STATIC;A001;93600472;;;BERHASIL;DALAM PROSES
Warung FIFGROUP 1;2026-04-30 11:32:00;INV/QRM/4B1VJ5/260430/2FCGA237;61000;0;61000;61000;0;STATIC;A001;BANK_JAGO;;;BERHASIL;DALAM PROSES
Warung FIFGROUP 1;2026-04-30 11:27:25;INV/QRM/4B1VJ5/260430/2EZ9C3U2;2000;0;2000;2000;0;STATIC;A001;ASTRAPAY;;;BERHASIL;DALAM PROSES
Warung FIFGROUP 1;2026-04-30 11:23:56;INV/QRM/4B1VJ5/260430/2EP0XVLA;5000;0;5000;5000;0;STATIC;A001;ASTRAPAY;;;BERHASIL;DALAM PROSES
Warung FIFGROUP 1;2026-04-30 11:23:26;INV/QRM/4B1VJ5/260430/2EO62HY1;6000;0;6000;6000;0;STATIC;A001;ASTRAPAY;;;BERHASIL;DALAM PROSES
Warung FIFGROUP 1;2026-04-30 11:21:28;INV/QRM/4B1VJ5/260430/2EIO2R93;2500;0;2500;2500;0;STATIC;A001;ASTRAPAY;;;BERHASIL;DALAM PROSES
Warung FIFGROUP 1;2026-04-30 11:20:01;INV/QRM/4B1VJ5/260430/2EF5O67F;2500;0;2500;2500;0;STATIC;A001;ASTRAPAY;;;BERHASIL;DALAM PROSES
Warung FIFGROUP 1;2026-04-30 11:19:30;INV/QRM/4B1VJ5/260430/2ED6O29P;2500;0;2500;2500;0;STATIC;A001;ASTRAPAY;;;BERHASIL;DALAM PROSES
Warung FIFGROUP 1;2026-04-30 10:41:09;INV/QRM/4B1VJ5/260430/28BXO8M0;4000;0;4000;4000;0;STATIC;A001;ASTRAPAY;;;BERHASIL;DALAM PROSES
Warung FIFGROUP 2;2026-05-15 13:07:37;INV/QRM/4B1VJ6/260515/2SVLDPOM;11000;0;11000;11000;0;STATIC;A001;BCA;;;BERHASIL;DALAM PROSES
Warung FIFGROUP 2;2026-05-15 10:31:16;INV/QRM/4B1VJ6/260515/27KCWS13;15000;0;15000;15000;0;STATIC;A001;93600472;;;BERHASIL;DALAM PROSES
Warung FIFGROUP 2;2026-05-15 09:52:55;INV/QRM/4B1VJ6/260515/21HZK8X5;12500;0;12500;12500;0;STATIC;A001;GOPAY;;;BERHASIL;DALAM PROSES
Warung FIFGROUP 2;2026-05-15 09:02:06;INV/QRM/4B1VJ6/260515/1XLQTXQ0;5000;0;5000;5000;0;STATIC;A001;DIGITAL_BCA;;;BERHASIL;DALAM PROSES
Warung FIFGROUP 2;2026-05-15 07:13:01;INV/QRM/4B1VJ6/260515/1J0L51UC;43000;0;43000;43000;0;STATIC;A001;BCA;;;BERHASIL;DALAM PROSES
Warung FIFGROUP 2;2026-05-13 18:05:03;INV/QRM/4B1VJ6/260513/3V9ZN59J;48000;0;48000;48000;0;STATIC;A001;DANA;;;BERHASIL;DALAM PROSES
Warung FIFGROUP 2;2026-05-13 17:40:23;INV/QRM/4B1VJ6/260513/3Q9ZOF27;2000;0;2000;2000;0;STATIC;A001;ASTRAPAY;;;BERHASIL;DALAM PROSES
Warung FIFGROUP 2;2026-05-13 17:32:50;INV/QRM/4B1VJ6/260513/3POIZPDW;25000;0;25000;25000;0;STATIC;A001;93600472;;;BERHASIL;DALAM PROSES
Warung FIFGROUP 2;2026-05-13 17:30:59;INV/QRM/4B1VJ6/260513/3PJ7PK5U;4000;0;4000;4000;0;STATIC;A001;BCA;;;BERHASIL;DALAM PROSES
Warung FIFGROUP 2;2026-05-13 17:26:35;INV/QRM/4B1VJ6/260513/3P7FMOIB;2000;0;2000;2000;0;STATIC;A001;BCA;;;BERHASIL;DALAM PROSES
Warung FIFGROUP 2;2026-05-13 17:24:52;INV/QRM/4B1VJ6/260513/3P2C8BQ8;2000;0;2000;2000;0;STATIC;A001;CIMB;;;BERHASIL;DALAM PROSES
Warung FIFGROUP 2;2026-05-13 17:22:16;INV/QRM/4B1VJ6/260513/3OVSLVF5;23000;0;23000;23000;0;STATIC;A001;ASTRAPAY;;;BERHASIL;DALAM PROSES
Warung FIFGROUP 2;2026-05-13 14:50:20;INV/QRM/4B1VJ6/260513/33WCSOU8;5500;0;5500;5500;0;STATIC;A001;ASTRAPAY;;;BERHASIL;DALAM PROSES
Warung FIFGROUP 2;2026-05-13 14:03:55;INV/QRM/4B1VJ6/260513/30ARQT0Q;15000;0;15000;15000;0;STATIC;A001;ASTRAPAY;;;BERHASIL;DALAM PROSES
Warung FIFGROUP 2;2026-05-13 13:57:05;INV/QRM/4B1VJ6/260513/2WPLRM95;9000;0;9000;9000;0;STATIC;A001;BCA;;;BERHASIL;DALAM PROSES
Warung FIFGROUP 2;2026-05-13 12:41:10;INV/QRM/4B1VJ6/260513/2NRI6D1J;10000;0;10000;10000;0;STATIC;A001;ASTRAPAY;;;BERHASIL;DALAM PROSES
Warung FIFGROUP 2;2026-05-13 11:35:54;INV/QRM/4B1VJ6/260513/2FMAPYCK;11000;0;11000;11000;0;STATIC;A001;93600472;;;BERHASIL;DALAM PROSES
Warung FIFGROUP 2;2026-05-13 11:02:27;INV/QRM/4B1VJ6/260513/2D1VXLBB;23000;0;23000;23000;0;STATIC;A001;93600472;;;BERHASIL;DALAM PROSES
Warung FIFGROUP 2;2026-05-13 10:49:03;INV/QRM/4B1VJ6/260513/28XZ0WFQ;46000;0;46000;46000;0;STATIC;A001;ASTRAPAY;;;BERHASIL;DALAM PROSES
Warung FIFGROUP 2;2026-05-13 10:46:24;INV/QRM/4B1VJ6/260513/28Q8TDZD;61000;0;61000;61000;0;STATIC;A001;ASTRAPAY;;;BERHASIL;DALAM PROSES
Warung FIFGROUP 2;2026-05-13 10:26:00;INV/QRM/4B1VJ6/260513/2760OUH6;2500;0;2500;2500;0;STATIC;A001;DANA;;;BERHASIL;DALAM PROSES
Warung FIFGROUP 2;2026-05-13 09:23:20;INV/QRM/4B1VJ6/260513/1Z8G4VQ1;6000;0;6000;6000;0;STATIC;A001;MANDIRI;;;BERHASIL;DALAM PROSES
Warung FIFGROUP 2;2026-05-13 09:01:57;INV/QRM/4B1VJ6/260513/1XKDGWPL;23000;0;23000;23000;0;STATIC;A001;BCA;;;BERHASIL;DALAM PROSES
Warung FIFGROUP 2;2026-05-13 09:00:21;INV/QRM/4B1VJ6/260513/1XGLF9OG;23000;0;23000;23000;0;STATIC;A001;PERMATA;;;BERHASIL;DALAM PROSES
Warung FIFGROUP 2;2026-05-13 08:51:30;INV/QRM/4B1VJ6/260513/1TOQ6L0N;15000;0;15000;15000;0;STATIC;A001;ASTRAPAY;;;BERHASIL;DALAM PROSES
Warung FIFGROUP 2;2026-05-13 06:11:58;INV/QRM/4B1VJ6/260513/1B6UYLWA;10000;0;10000;10000;0;STATIC;A001;ASTRAPAY;;;BERHASIL;DALAM PROSES
Warung FIFGROUP 2;2026-05-12 19:23:11;INV/QRM/4B1VJ6/260512/44DZ54WN;11000;0;11000;11000;0;STATIC;A001;MANDIRI;;;BERHASIL;DALAM PROSES
Warung FIFGROUP 2;2026-05-12 19:01:08;INV/QRM/4B1VJ6/260512/42OST8BH;2500;0;2500;2500;0;STATIC;A001;MANDIRI;;;BERHASIL;DALAM PROSES
Warung FIFGROUP 2;2026-05-12 17:37:58;INV/QRM/4B1VJ6/260512/3Q2MIC2U;9000;0;9000;9000;0;STATIC;A001;ASTRAPAY;;;BERHASIL;DALAM PROSES
Warung FIFGROUP 2;2026-05-12 16:30:31;INV/QRM/4B1VJ6/260512/3HSNRDNI;23000;0;23000;23000;0;STATIC;A001;BCA;;;BERHASIL;DALAM PROSES
Warung FIFGROUP 2;2026-05-12 15:42:09;INV/QRM/4B1VJ6/260512/3AZL1HQA;34000;0;34000;34000;0;STATIC;A001;ASTRAPAY;;;BERHASIL;DALAM PROSES
Warung FIFGROUP 2;2026-05-12 14:39:41;INV/QRM/4B1VJ6/260512/332DREIL;15000;0;15000;15000;0;STATIC;A001;BCA;;;BERHASIL;DALAM PROSES
Warung FIFGROUP 2;2026-05-12 13:48:14;INV/QRM/4B1VJ6/260512/2W0UKIAG;20500;0;20500;20500;0;STATIC;A001;DIGITAL_BCA;;;BERHASIL;DALAM PROSES
Warung FIFGROUP 2;2026-05-12 13:09:41;INV/QRM/4B1VJ6/260512/2T19NHJB;12500;0;12500;12500;0;STATIC;A001;BCA;;;BERHASIL;DALAM PROSES
Warung FIFGROUP 2;2026-05-12 12:27:08;INV/QRM/4B1VJ6/260512/2MOKF3W5;26000;0;26000;26000;0;STATIC;A001;ASTRAPAY;;;BERHASIL;DALAM PROSES
Warung FIFGROUP 2;2026-05-12 12:25:16;INV/QRM/4B1VJ6/260512/2MJ8ZDR3;25000;0;25000;25000;0;STATIC;A001;BCA;;;BERHASIL;DALAM PROSES
Warung FIFGROUP 2;2026-05-12 11:53:18;INV/QRM/4B1VJ6/260512/2GZA2BW2;40000;0;40000;40000;0;STATIC;A001;BNI;;;BERHASIL;DALAM PROSES
Warung FIFGROUP 2;2026-05-12 11:47:49;INV/QRM/4B1VJ6/260512/2GJHRQH0;25500;0;25500;25500;0;STATIC;A001;93600472;;;BERHASIL;DALAM PROSES
Warung FIFGROUP 2;2026-05-12 11:10:00;INV/QRM/4B1VJ6/260512/2DNC0AI3;10000;0;10000;10000;0;STATIC;A001;ASTRAPAY;;;BERHASIL;DALAM PROSES
Warung FIFGROUP 2;2026-05-12 11:06:16;INV/QRM/4B1VJ6/260512/2DCO1ZUC;10000;0;10000;10000;0;STATIC;A001;ASTRAPAY;;;BERHASIL;DALAM PROSES
Warung FIFGROUP 2;2026-05-12 11:01:06;INV/QRM/4B1VJ6/260512/2CYI3RKM;23000;0;23000;23000;0;STATIC;A001;ASTRAPAY;;;BERHASIL;DALAM PROSES
Warung FIFGROUP 2;2026-05-12 10:19:18;INV/QRM/4B1VJ6/260512/26N23LJ7;14500;0;14500;14500;0;STATIC;A001;93600472;;;BERHASIL;DALAM PROSES
Warung FIFGROUP 2;2026-05-12 09:03:10;INV/QRM/4B1VJ6/260512/1XOM1CZT;23000;0;23000;23000;0;STATIC;A001;93600472;;;BERHASIL;DALAM PROSES
Warung FIFGROUP 2;2026-05-12 09:02:16;INV/QRM/4B1VJ6/260512/1XM00TFA;23000;0;23000;23000;0;STATIC;A001;BRI;;;BERHASIL;DALAM PROSES
Warung FIFGROUP 2;2026-05-12 08:34:42;INV/QRM/4B1VJ6/260512/1SDUEJ6V;11000;0;11000;11000;0;STATIC;A001;BCA;;;BERHASIL;DALAM PROSES
Warung FIFGROUP 2;2026-05-12 08:08:57;INV/QRM/4B1VJ6/260512/1QE1ASDZ;21000;0;21000;21000;0;STATIC;A001;BCA;;;BERHASIL;DALAM PROSES
Warung FIFGROUP 2;2026-05-12 07:32:25;INV/QRM/4B1VJ6/260512/1KI15F4U;15000;0;15000;15000;0;STATIC;A001;ASTRAPAY;;;BERHASIL;DALAM PROSES
Warung FIFGROUP 2;2026-05-11 18:07:32;INV/QRM/4B1VJ6/260511/3VGCU3YH;14500;0;14500;14500;0;STATIC;A001;OVO;;;BERHASIL;DALAM PROSES
Warung FIFGROUP 2;2026-05-11 17:41:32;INV/QRM/4B1VJ6/260511/3QD09NLO;40000;0;40000;40000;0;STATIC;A001;ASTRAPAY;;;BERHASIL;DALAM PROSES
Warung FIFGROUP 2;2026-05-11 17:33:48;INV/QRM/4B1VJ6/260511/3PR8HJ12;26500;0;26500;26500;0;STATIC;A001;ASTRAPAY;;;BERHASIL;DALAM PROSES
Warung FIFGROUP 2;2026-05-11 17:32:24;INV/QRM/4B1VJ6/260511/3PNSEOOP;21000;0;21000;21000;0;STATIC;A001;93600472;;;BERHASIL;DALAM PROSES
Warung FIFGROUP 2;2026-05-11 16:13:26;INV/QRM/4B1VJ6/260511/3GHAS9YX;11000;0;11000;11000;0;STATIC;A001;BCA;;;BERHASIL;DALAM PROSES
Warung FIFGROUP 2;2026-05-11 15:52:26;INV/QRM/4B1VJ6/260511/3BRU895H;15000;0;15000;15000;0;STATIC;A001;BCA;;;BERHASIL;DALAM PROSES
Warung FIFGROUP 2;2026-05-11 15:48:22;INV/QRM/4B1VJ6/260511/3BGMM3H2;10000;0;10000;10000;0;STATIC;A001;SEABANK;;;BERHASIL;DALAM PROSES
Warung FIFGROUP 2;2026-05-11 15:47:59;INV/QRM/4B1VJ6/260511/3BEVK37V;11000;0;11000;11000;0;STATIC;A001;BCA;;;BERHASIL;DALAM PROSES
Warung FIFGROUP 2;2026-05-11 15:39:48;INV/QRM/4B1VJ6/260511/3ASCFFXE;15000;0;15000;15000;0;STATIC;A001;93600472;;;BERHASIL;DALAM PROSES
Warung FIFGROUP 2;2026-05-11 15:26:18;INV/QRM/4B1VJ6/260511/39RE568L;5000;0;5000;5000;0;STATIC;A001;93600472;;;BERHASIL;DALAM PROSES
Warung FIFGROUP 2;2026-05-11 15:22:40;INV/QRM/4B1VJ6/260511/39GWNI4P;18000;0;18000;18000;0;STATIC;A001;BCA;;;BERHASIL;DALAM PROSES
Warung FIFGROUP 2;2026-05-11 15:12:51;INV/QRM/4B1VJ6/260511/38PF53FN;5500;0;5500;5500;0;STATIC;A001;ASTRAPAY;;;BERHASIL;DALAM PROSES
Warung FIFGROUP 2;2026-05-11 14:39:09;INV/QRM/4B1VJ6/260511/331HZX0B;3500;0;3500;3500;0;STATIC;A001;ASTRAPAY;;;BERHASIL;DALAM PROSES
Warung FIFGROUP 2;2026-05-11 14:38:47;INV/QRM/4B1VJ6/260511/32ZRQT9Z;6000;0;6000;6000;0;STATIC;A001;DANA;;;BERHASIL;DALAM PROSES
Warung FIFGROUP 2;2026-05-11 14:15:37;INV/QRM/4B1VJ6/260511/317LQZET;11000;0;11000;11000;0;STATIC;A001;93600472;;;BERHASIL;DALAM PROSES
Warung FIFGROUP 2;2026-05-11 14:10:58;INV/QRM/4B1VJ6/260511/30UARIOD;5000;0;5000;5000;0;STATIC;A001;DIGITAL_BCA;;;BERHASIL;DALAM PROSES
Warung FIFGROUP 2;2026-05-11 12:04:33;INV/QRM/4B1VJ6/260511/2KXDWHVY;5000;0;5000;5000;0;STATIC;A001;93600472;;;BERHASIL;DALAM PROSES
Warung FIFGROUP 2;2026-05-11 11:24:19;INV/QRM/4B1VJ6/260511/2EQRI8SX;15000;0;15000;15000;0;STATIC;A001;PERMATA;;;BERHASIL;DALAM PROSES
Warung FIFGROUP 2;2026-05-11 11:13:48;INV/QRM/4B1VJ6/260511/2DX03ZS2;5000;0;5000;5000;0;STATIC;A001;ASTRAPAY;;;BERHASIL;DALAM PROSES
Warung FIFGROUP 2;2026-05-11 11:04:58;INV/QRM/4B1VJ6/260511/2D8A1PAC;15000;0;15000;15000;0;STATIC;A001;BCA;;;BERHASIL;DALAM PROSES
Warung FIFGROUP 2;2026-05-11 10:45:40;INV/QRM/4B1VJ6/260511/28NWL0UL;10000;0;10000;10000;0;STATIC;A001;GOPAY;;;BERHASIL;DALAM PROSES
Warung FIFGROUP 2;2026-05-11 10:32:28;INV/QRM/4B1VJ6/260511/27NG1WCI;15000;0;15000;15000;0;STATIC;A001;93600472;;;BERHASIL;DALAM PROSES
Warung FIFGROUP 2;2026-05-11 10:22:05;INV/QRM/4B1VJ6/260511/26V15WTZ;4500;0;4500;4500;0;STATIC;A001;ASTRAPAY;;;BERHASIL;DALAM PROSES
Warung FIFGROUP 2;2026-05-07 15:44:55;INV/QRM/4B1VJ6/260507/3B6FG3L5;15000;0;15000;15000;0;STATIC;A001;ASTRAPAY;;;BERHASIL;DALAM PROSES
Warung FIFGROUP 2;2026-05-07 15:42:28;INV/QRM/4B1VJ6/260507/3B04NZF0;4500;0;4500;4500;0;STATIC;A001;ASTRAPAY;;;BERHASIL;DALAM PROSES
Warung FIFGROUP 2;2026-05-07 15:40:01;INV/QRM/4B1VJ6/260507/3ATTRIDW;20000;0;20000;20000;0;STATIC;A001;ASTRAPAY;;;BERHASIL;DALAM PROSES
Warung FIFGROUP 2;2026-05-07 15:39:11;INV/QRM/4B1VJ6/260507/3ARBWV2D;2500;0;2500;2500;0;STATIC;A001;93600472;;;BERHASIL;DALAM PROSES
Warung FIFGROUP 2;2026-05-07 14:57:55;INV/QRM/4B1VJ6/260507/34GRU4AL;23000;0;23000;23000;0;STATIC;A001;BRI;;;BERHASIL;DALAM PROSES
Warung FIFGROUP 2;2026-05-07 13:20:59;INV/QRM/4B1VJ6/260507/2TWBUBNR;40000;0;40000;40000;0;STATIC;A001;DIGITAL_BCA;;;BERHASIL;DALAM PROSES
Warung FIFGROUP 2;2026-05-07 12:05:41;INV/QRM/4B1VJ6/260507/2L0DWCNJ;11000;0;11000;11000;0;STATIC;A001;93600472;;;BERHASIL;DALAM PROSES
Warung FIFGROUP 2;2026-05-07 11:49:12;INV/QRM/4B1VJ6/260507/2GO0CE8B;80000;0;80000;80000;0;STATIC;A001;BNI;;;BERHASIL;DALAM PROSES
Warung FIFGROUP 2;2026-05-07 11:00:30;INV/QRM/4B1VJ6/260507/2CWEMWUG;11000;0;11000;11000;0;STATIC;A001;ASTRAPAY;;;BERHASIL;DALAM PROSES
Warung FIFGROUP 2;2026-05-07 10:35:22;INV/QRM/4B1VJ6/260507/27VMQT2E;10000;0;10000;10000;0;STATIC;A001;ASTRAPAY;;;BERHASIL;DALAM PROSES
Warung FIFGROUP 2;2026-05-06 16:12:12;INV/QRM/4B1VJ6/260506/3GE42Z1F;2500;0;2500;2500;0;STATIC;A001;ASTRAPAY;;;BERHASIL;DALAM PROSES
Warung FIFGROUP 2;2026-05-06 16:10:16;INV/QRM/4B1VJ6/260506/3G8O68EO;2500;0;2500;2500;0;STATIC;A001;ASTRAPAY;;;BERHASIL;DALAM PROSES
Warung FIFGROUP 2;2026-05-06 16:08:22;INV/QRM/4B1VJ6/260506/3G3AF3K4;15000;0;15000;15000;0;STATIC;A001;PERMATA;;;BERHASIL;DALAM PROSES
Warung FIFGROUP 2;2026-05-06 15:59:59;INV/QRM/4B1VJ6/260506/3CC70P2I;219000;0;219000;219000;0;STATIC;A001;ASTRAPAY;;;BERHASIL;DALAM PROSES
Warung FIFGROUP 2;2026-05-06 14:51:26;INV/QRM/4B1VJ6/260506/33ZARU0M;18000;0;18000;18000;0;STATIC;A001;PERMATA;;;BERHASIL;DALAM PROSES
Warung FIFGROUP 2;2026-05-06 14:28:58;INV/QRM/4B1VJ6/260506/328A9CFD;2500;0;2500;2500;0;STATIC;A001;PERMATA;;;BERHASIL;DALAM PROSES
Warung FIFGROUP 2;2026-05-06 14:10:07;INV/QRM/4B1VJ6/260506/30SVZLAU;4000;0;4000;4000;0;STATIC;A001;ASTRAPAY;;;BERHASIL;DALAM PROSES
Warung FIFGROUP 2;2026-05-06 13:58:12;INV/QRM/4B1VJ6/260506/2WSK73CM;40000;0;40000;40000;0;STATIC;A001;DIGITAL_BCA;;;BERHASIL;DALAM PROSES
Warung FIFGROUP 2;2026-05-06 13:48:05;INV/QRM/4B1VJ6/260506/2W0LLBS6;44000;0;44000;44000;0;STATIC;A001;93600472;;;BERHASIL;DALAM PROSES
Warung FIFGROUP 2;2026-05-06 13:33:27;INV/QRM/4B1VJ6/260506/2UVJI5G2;11000;0;11000;11000;0;STATIC;A001;ASTRAPAY;;;BERHASIL;DALAM PROSES
Warung FIFGROUP 2;2026-05-06 13:30:33;INV/QRM/4B1VJ6/260506/2UNDP933;46000;0;46000;46000;0;STATIC;A001;ASTRAPAY;;;BERHASIL;DALAM PROSES
Warung FIFGROUP 2;2026-05-06 12:17:43;INV/QRM/4B1VJ6/260506/2LXROQBC;2500;0;2500;2500;0;STATIC;A001;ASTRAPAY;;;BERHASIL;DALAM PROSES
Warung FIFGROUP 2;2026-05-06 12:08:02;INV/QRM/4B1VJ6/260506/2L7M85G4;15000;0;15000;15000;0;STATIC;A001;ASTRAPAY;;;BERHASIL;DALAM PROSES
Warung FIFGROUP 2;2026-05-06 12:02:44;INV/QRM/4B1VJ6/260506/2KS4JUMW;15000;0;15000;15000;0;STATIC;A001;93600472;;;BERHASIL;DALAM PROSES
Warung FIFGROUP 2;2026-05-06 11:59:05;INV/QRM/4B1VJ6/260506/2HFLVHIL;2500;0;2500;2500;0;STATIC;A001;ASTRAPAY;;;BERHASIL;DALAM PROSES
Warung FIFGROUP 2;2026-05-06 11:44:34;INV/QRM/4B1VJ6/260506/2GAQG1RK;10000;0;10000;10000;0;STATIC;A001;ASTRAPAY;;;BERHASIL;DALAM PROSES
Warung FIFGROUP 2;2026-05-06 11:38:47;INV/QRM/4B1VJ6/260506/2FUFM1NG;10000;0;10000;10000;0;STATIC;A001;OVO;;;BERHASIL;DALAM PROSES
Warung FIFGROUP 2;2026-05-06 11:34:24;INV/QRM/4B1VJ6/260506/2FIO44AK;16500;0;16500;16500;0;STATIC;A001;93600472;;;BERHASIL;DALAM PROSES
Warung FIFGROUP 2;2026-05-06 11:12:16;INV/QRM/4B1VJ6/260506/2DTCFQAL;2000;0;2000;2000;0;STATIC;A001;BCA;;;BERHASIL;DALAM PROSES
Warung FIFGROUP 2;2026-05-06 10:08:04;INV/QRM/4B1VJ6/260506/25S4EDIH;10000;0;10000;10000;0;STATIC;A001;BCA;;;BERHASIL;DALAM PROSES
Warung FIFGROUP 2;2026-05-06 09:47:53;INV/QRM/4B1VJ6/260506/21411FS5;2500;0;2500;2500;0;STATIC;A001;BCA;;;BERHASIL;DALAM PROSES
Warung FIFGROUP 2;2026-05-05 17:39:05;INV/QRM/4B1VJ6/260505/3Q6PP1L6;5000;0;5000;5000;0;STATIC;A001;GOPAY;;;BERHASIL;DALAM PROSES
Warung FIFGROUP 2;2026-05-05 17:38:28;INV/QRM/4B1VJ6/260505/3Q4K2HHL;5000;0;5000;5000;0;STATIC;A001;BCA;;;BERHASIL;DALAM PROSES
Warung FIFGROUP 2;2026-05-05 16:20:52;INV/QRM/4B1VJ6/260505/3H1GOTN6;21000;0;21000;21000;0;STATIC;A001;93600472;;;BERHASIL;DALAM PROSES
Warung FIFGROUP 2;2026-05-05 16:18:25;INV/QRM/4B1VJ6/260505/3GV5D3ED;5000;0;5000;5000;0;STATIC;A001;BCA;;;BERHASIL;DALAM PROSES
Warung FIFGROUP 2;2026-05-05 15:43:27;INV/QRM/4B1VJ6/260505/3B2VSNJY;4000;0;4000;4000;0;STATIC;A001;ASTRAPAY;;;BERHASIL;DALAM PROSES
Warung FIFGROUP 2;2026-05-05 15:24:39;INV/QRM/4B1VJ6/260505/39MFTS31;5000;0;5000;5000;0;STATIC;A001;93600472;;;BERHASIL;DALAM PROSES
Warung FIFGROUP 2;2026-05-05 13:27:04;INV/QRM/4B1VJ6/260505/2UE8VALO;5000;0;5000;5000;0;STATIC;A001;GOPAY;;;BERHASIL;DALAM PROSES
Warung FIFGROUP 2;2026-05-05 13:24:28;INV/QRM/4B1VJ6/260505/2U6KTOSA;5000;0;5000;5000;0;STATIC;A001;PERMATA;;;BERHASIL;DALAM PROSES
Warung FIFGROUP 2;2026-05-04 17:52:55;INV/QRM/4B1VJ6/260504/3R87QCRO;23000;0;23000;23000;0;STATIC;A001;ASTRAPAY;;;BERHASIL;DALAM PROSES
Warung FIFGROUP 2;2026-05-04 15:55:01;INV/QRM/4B1VJ6/260504/3BZHCT69;20500;0;20500;20500;0;STATIC;A001;PERMATA;;;BERHASIL;DALAM PROSES
Warung FIFGROUP 2;2026-05-04 15:17:52;INV/QRM/4B1VJ6/260504/393CG6U9;15000;0;15000;15000;0;STATIC;A001;BCA;;;BERHASIL;DALAM PROSES
Warung FIFGROUP 2;2026-05-04 15:07:21;INV/QRM/4B1VJ6/260504/38APS6BC;5000;0;5000;5000;0;STATIC;A001;ASTRAPAY;;;BERHASIL;DALAM PROSES
Warung FIFGROUP 2;2026-05-04 14:28:59;INV/QRM/4B1VJ6/260504/328BBU0X;15000;0;15000;15000;0;STATIC;A001;ASTRAPAY;;;BERHASIL;DALAM PROSES
Warung FIFGROUP 2;2026-05-04 13:26:54;INV/QRM/4B1VJ6/260504/2UCUKQ2P;2500;0;2500;2500;0;STATIC;A001;MANDIRI;;;BERHASIL;DALAM PROSES
Warung FIFGROUP 2;2026-05-04 13:24:37;INV/QRM/4B1VJ6/260504/2U6TY3NS;15000;0;15000;15000;0;STATIC;A001;BCA;;;BERHASIL;DALAM PROSES
Warung FIFGROUP 2;2026-05-04 13:23:48;INV/QRM/4B1VJ6/260504/2U4CX9X5;18000;0;18000;18000;0;STATIC;A001;93600472;;;BERHASIL;DALAM PROSES
Warung FIFGROUP 2;2026-05-04 13:22:34;INV/QRM/4B1VJ6/260504/2U169HLA;5000;0;5000;5000;0;STATIC;A001;BCA;;;BERHASIL;DALAM PROSES
Warung FIFGROUP 2;2026-05-04 11:46:41;INV/QRM/4B1VJ6/260504/2GGHCFDY;15000;0;15000;15000;0;STATIC;A001;ASTRAPAY;;;BERHASIL;DALAM PROSES
Warung FIFGROUP 2;2026-05-04 10:45:38;INV/QRM/4B1VJ6/260504/28NUWV0W;5000;0;5000;5000;0;STATIC;A001;93600472;;;BERHASIL;DALAM PROSES
Warung FIFGROUP 2;2026-04-30 15:39:15;INV/QRM/4B1VJ6/260430/3ARFMGIY;6500;0;6500;6500;0;STATIC;A001;ASTRAPAY;;;BERHASIL;DALAM PROSES
Warung FIFGROUP 2;2026-04-30 14:32:47;INV/QRM/4B1VJ6/260430/32J3N3K7;21000;0;21000;21000;0;STATIC;A001;ASTRAPAY;;;BERHASIL;DALAM PROSES
Warung FIFGROUP 2;2026-04-30 14:07:59;INV/QRM/4B1VJ6/260430/30LZA92H;23000;0;23000;23000;0;STATIC;A001;ASTRAPAY;;;BERHASIL;DALAM PROSES
Warung FIFGROUP 2;2026-04-30 14:06:42;INV/QRM/4B1VJ6/260430/30IQBZTC;5000;0;5000;5000;0;STATIC;A001;ASTRAPAY;;;BERHASIL;DALAM PROSES
Warung FIFGROUP 2;2026-04-30 14:02:52;INV/QRM/4B1VJ6/260430/307W087P;15000;0;15000;15000;0;STATIC;A001;93600472;;;BERHASIL;DALAM PROSES
Warung FIFGROUP 2;2026-04-30 14:00:16;INV/QRM/4B1VJ6/260430/301CS7K9;21000;0;21000;21000;0;STATIC;A001;GOPAY;;;BERHASIL;DALAM PROSES
Warung FIFGROUP 2;2026-04-30 13:27:46;INV/QRM/4B1VJ6/260430/2UFEYDCZ;38000;0;38000;38000;0;STATIC;A001;DIGITAL_BCA;;;BERHASIL;DALAM PROSES
Warung FIFGROUP 2;2026-04-30 13:18:44;INV/QRM/4B1VJ6/260430/2TQC9U0Y;23000;0;23000;23000;0;STATIC;A001;93600472;;;BERHASIL;DALAM PROSES
Warung FIFGROUP 2;2026-04-30 12:43:42;INV/QRM/4B1VJ6/260430/2NXYEBFR;2500;0;2500;2500;0;STATIC;A001;BCA;;;BERHASIL;DALAM PROSES
Warung FIFGROUP 2;2026-04-30 12:40:50;INV/QRM/4B1VJ6/260430/2NPUUZMA;36000;0;36000;36000;0;STATIC;A001;ASTRAPAY;;;BERHASIL;DALAM PROSES
Warung FIFGROUP 2;2026-04-30 12:34:08;INV/QRM/4B1VJ6/260430/2N80WR7M;23000;0;23000;23000;0;STATIC;A001;BCA;;;BERHASIL;DALAM PROSES
Warung FIFGROUP 2;2026-04-30 12:04:47;INV/QRM/4B1VJ6/260430/2KXRU2SH;5000;0;5000;5000;0;STATIC;A001;93600472;;;BERHASIL;DALAM PROSES
Warung FIFGROUP 2;2026-04-30 11:44:55;INV/QRM/4B1VJ6/260430/2GBBY71X;23000;0;23000;23000;0;STATIC;A001;PERMATA;;;BERHASIL;DALAM PROSES
Warung FIFGROUP 2;2026-04-30 11:32:12;INV/QRM/4B1VJ6/260430/2FCSEAQH;500;0;500;500;0;STATIC;A001;ASTRAPAY;;;BERHASIL;DALAM PROSES
Warung FIFGROUP 2;2026-04-30 11:31:55;INV/QRM/4B1VJ6/260430/2FB7UKFB;2000;0;2000;2000;0;STATIC;A001;ASTRAPAY;;;BERHASIL;DALAM PROSES
Warung FIFGROUP 2;2026-04-30 11:21:40;INV/QRM/4B1VJ6/260430/2EJ0SUFC;21000;0;21000;21000;0;STATIC;A001;OVO;;;BERHASIL;DALAM PROSES
Warung FIFGROUP 2;2026-04-30 11:19:42;INV/QRM/4B1VJ6/260430/2EDIA44F;5000;0;5000;5000;0;STATIC;A001;ASTRAPAY;;;BERHASIL;DALAM PROSES
Warung FIFGROUP 2;2026-04-30 11:18:10;INV/QRM/4B1VJ6/260430/2E9UK0U6;23000;0;23000;23000;0;STATIC;A001;ASTRAPAY;;;BERHASIL;DALAM PROSES
Warung FIFGROUP 2;2026-04-30 11:17:21;INV/QRM/4B1VJ6/260430/2E7DBCQS;23000;0;23000;23000;0;STATIC;A001;ASTRAPAY;;;BERHASIL;DALAM PROSES
Warung FIFGROUP 2;2026-04-30 10:59:58;INV/QRM/4B1VJ6/260430/29RA3SF6;15000;0;15000;15000;0;STATIC;A001;SEABANK;;;BERHASIL;DALAM PROSES
Warung FIFGROUP 2;2026-04-30 10:58:12;INV/QRM/4B1VJ6/260430/29N8AZHK;46000;0;46000;46000;0;STATIC;A001;CIMB;;;BERHASIL;DALAM PROSES
Warung FIFGROUP 2;2026-04-30 10:57:19;INV/QRM/4B1VJ6/260430/29KNHF9U;15000;0;15000;15000;0;STATIC;A001;BANK_JAGO;;;BERHASIL;DALAM PROSES
Warung FIFGROUP 2;2026-04-30 10:55:26;INV/QRM/4B1VJ6/260430/29FA1JQK;23000;0;23000;23000;0;STATIC;A001;ASTRAPAY;;;BERHASIL;DALAM PROSES
Warung FIFGROUP 2;2026-04-30 10:54:11;INV/QRM/4B1VJ6/260430/29C3CKB9;35000;0;35000;35000;0;STATIC;A001;93600472;;;BERHASIL;DALAM PROSES
Warung FIFGROUP 2;2026-04-30 10:52:25;INV/QRM/4B1VJ6/260430/296XXS9C;23000;0;23000;23000;0;STATIC;A001;PERMATA;;;BERHASIL;DALAM PROSES
Warung FIFGROUP 2;2026-04-30 10:49:01;INV/QRM/4B1VJ6/260430/28XXDJ07;15000;0;15000;15000;0;STATIC;A001;BCA;;;BERHASIL;DALAM PROSES
Warung FIFGROUP 2;2026-04-30 10:48:20;INV/QRM/4B1VJ6/260430/28VOGSBR;15000;0;15000;15000;0;STATIC;A001;BCA;;;BERHASIL;DALAM PROSES
Warung FIFGROUP 2;2026-04-30 10:45:26;INV/QRM/4B1VJ6/260430/28NIPQ7X;25500;0;25500;25500;0;STATIC;A001;93600472;;;BERHASIL;DALAM PROSES
Warung FIFGROUP 2;2026-04-30 10:42:42;INV/QRM/4B1VJ6/260430/28FM58P2;15000;0;15000;15000;0;STATIC;A001;BCA;;;BERHASIL;DALAM PROSES
Warung FIFGROUP 2;2026-04-30 10:37:20;INV/QRM/4B1VJ6/260430/2814970K;2000;0;2000;2000;0;STATIC;A001;ASTRAPAY;;;BERHASIL;DALAM PROSES
Warung FIFGROUP 2;2026-04-30 10:24:24;INV/QRM/4B1VJ6/260430/2714F68B;38000;0;38000;38000;0;STATIC;A001;PERMATA;;;BERHASIL;DALAM PROSES
Warung FIFGROUP 2;2026-04-30 10:22:48;INV/QRM/4B1VJ6/260430/26W82AIS;86000;0;86000;86000;0;STATIC;A001;PERMATA;;;BERHASIL;DALAM PROSES
Warung FIFGROUP 2;2026-04-30 10:22:23;INV/QRM/4B1VJ6/260430/26VJQ3UU;82000;0;82000;82000;0;STATIC;A001;PERMATA;;;BERHASIL;DALAM PROSES
Warung FIFGROUP 2;2026-04-30 09:28:55;INV/QRM/4B1VJ6/260430/1ZNBCYUP;18000;0;18000;18000;0;STATIC;A001;ASTRAPAY;;;BERHASIL;DALAM PROSES
Warung FIFGROUP 2;2026-04-30 09:22:37;INV/QRM/4B1VJ6/260430/1Z65HCD2;18000;0;18000;18000;0;STATIC;A001;BCA;;;BERHASIL;DALAM PROSES
Warung FIFGROUP 2;2026-04-30 09:21:29;INV/QRM/4B1VJ6/260430/1Z35EXY2;15000;0;15000;15000;0;STATIC;A001;BCA;;;BERHASIL;DALAM PROSES
Warung FIFGROUP 2;2026-04-30 08:59:57;INV/QRM/4B1VJ6/260430/1UBPWC4C;15000;0;15000;15000;0;STATIC;A001;93600472;;;BERHASIL;DALAM PROSES
Warung FIFGROUP 3;2026-05-15 13:35:44;INV/QRM/4B1VJ7/260515/2V1KD0NC;15000;0;15000;15000;0;STATIC;A001;PERMATA;;;BERHASIL;DALAM PROSES
Warung FIFGROUP 3;2026-05-15 12:05:31;INV/QRM/4B1VJ7/260515/2L03KMZF;11000;0;11000;11000;0;STATIC;A001;ASTRAPAY;;;BERHASIL;DALAM PROSES
Warung FIFGROUP 3;2026-05-15 12:03:55;INV/QRM/4B1VJ7/260515/2KV7FY38;4000;0;4000;4000;0;STATIC;A001;ASTRAPAY;;;BERHASIL;DALAM PROSES
Warung FIFGROUP 3;2026-05-15 11:17:11;INV/QRM/4B1VJ7/260515/2E735QQD;6500;0;6500;6500;0;STATIC;A001;BCA;;;BERHASIL;DALAM PROSES
Warung FIFGROUP 3;2026-05-15 10:49:31;INV/QRM/4B1VJ7/260515/28YR4K9T;286500;0;286500;286500;0;STATIC;A001;PERMATA;;;BERHASIL;DALAM PROSES
Warung FIFGROUP 3;2026-05-15 09:41:53;INV/QRM/4B1VJ7/260515/20NDV3XR;60500;0;60500;60500;0;STATIC;A001;ASTRAPAY;;;BERHASIL;DALAM PROSES
Warung FIFGROUP 3;2026-05-15 09:37:15;INV/QRM/4B1VJ7/260515/20B71ZWE;23000;0;23000;23000;0;STATIC;A001;MANDIRI;;;BERHASIL;DALAM PROSES
Warung FIFGROUP 3;2026-05-15 08:52:47;INV/QRM/4B1VJ7/260515/1TRZ8WZP;2500;0;2500;2500;0;STATIC;A001;93600472;;;BERHASIL;DALAM PROSES
Warung FIFGROUP 3;2026-05-14 14:33:13;INV/QRM/4B1VJ7/260514/32KXGWUI;22000;0;22000;22000;0;STATIC;A001;DANA;;;BERHASIL;DALAM PROSES
Warung FIFGROUP 3;2026-05-13 15:08:40;INV/QRM/4B1VJ7/260513/38E0C6II;13000;0;13000;13000;0;STATIC;A001;ASTRAPAY;;;BERHASIL;DALAM PROSES
Warung FIFGROUP 3;2026-05-13 15:08:36;INV/QRM/4B1VJ7/260513/38DWIF7N;8500;0;8500;8500;0;STATIC;A001;93600472;;;BERHASIL;DALAM PROSES
Warung FIFGROUP 3;2026-05-13 15:02:21;INV/QRM/4B1VJ7/260513/37WTXUVB;2500;0;2500;2500;0;STATIC;A001;ASTRAPAY;;;BERHASIL;DALAM PROSES
Warung FIFGROUP 3;2026-05-13 14:39:03;INV/QRM/4B1VJ7/260513/331BHXO4;219000;0;219000;219000;0;STATIC;A001;PERMATA;;;BERHASIL;DALAM PROSES
Warung FIFGROUP 3;2026-05-13 14:36:58;INV/QRM/4B1VJ7/260513/32UI82FJ;129000;0;129000;129000;0;STATIC;A001;PERMATA;;;BERHASIL;DALAM PROSES
Warung FIFGROUP 3;2026-05-13 14:32:58;INV/QRM/4B1VJ7/260513/32JE0AWP;23000;0;23000;23000;0;STATIC;A001;GOPAY;;;BERHASIL;DALAM PROSES
Warung FIFGROUP 3;2026-05-13 14:31:55;INV/QRM/4B1VJ7/260513/32GJZWOM;13000;0;13000;13000;0;STATIC;A001;ASTRAPAY;;;BERHASIL;DALAM PROSES
Warung FIFGROUP 3;2026-05-13 14:30:54;INV/QRM/4B1VJ7/260513/32DQJC1S;141000;0;141000;141000;0;STATIC;A001;BCA;;;BERHASIL;DALAM PROSES
Warung FIFGROUP 3;2026-05-13 14:12:42;INV/QRM/4B1VJ7/260513/30ZEWFVN;30000;0;30000;30000;0;STATIC;A001;ASTRAPAY;;;BERHASIL;DALAM PROSES
Warung FIFGROUP 3;2026-05-13 10:53:13;INV/QRM/4B1VJ7/260513/299D2B3A;15000;0;15000;15000;0;STATIC;A001;93600472;;;BERHASIL;DALAM PROSES
Warung FIFGROUP 3;2026-05-13 10:32:41;INV/QRM/4B1VJ7/260513/27NT8ET1;15000;0;15000;15000;0;STATIC;A001;93600459;;;BERHASIL;DALAM PROSES
Warung FIFGROUP 3;2026-05-13 10:15:40;INV/QRM/4B1VJ7/260513/26CKLU4P;15000;0;15000;15000;0;STATIC;A001;ASTRAPAY;;;BERHASIL;DALAM PROSES
Warung FIFGROUP 3;2026-05-13 10:11:08;INV/QRM/4B1VJ7/260513/260KFK9D;15000;0;15000;15000;0;STATIC;A001;MANDIRI;;;BERHASIL;DALAM PROSES
Warung FIFGROUP 3;2026-05-13 08:44:46;INV/QRM/4B1VJ7/260513/1T5QXA2L;15000;0;15000;15000;0;STATIC;A001;BCA;;;BERHASIL;DALAM PROSES
Warung FIFGROUP 3;2026-05-12 17:30:15;INV/QRM/4B1VJ7/260512/3PHZZ62C;23000;0;23000;23000;0;STATIC;A001;ASTRAPAY;;;BERHASIL;DALAM PROSES
Warung FIFGROUP 3;2026-05-12 16:17:16;INV/QRM/4B1VJ7/260512/3GS4BRM1;46000;0;46000;46000;0;STATIC;A001;93600472;;;BERHASIL;DALAM PROSES
Warung FIFGROUP 3;2026-05-12 15:26:01;INV/QRM/4B1VJ7/260512/39QXJVIM;7000;0;7000;7000;0;STATIC;A001;BCA;;;BERHASIL;DALAM PROSES
Warung FIFGROUP 3;2026-05-12 15:13:43;INV/QRM/4B1VJ7/260512/38RZKXBW;15000;0;15000;15000;0;STATIC;A001;PERMATA;;;BERHASIL;DALAM PROSES
Warung FIFGROUP 3;2026-05-12 14:03:52;INV/QRM/4B1VJ7/260512/30AODI4Q;5500;0;5500;5500;0;STATIC;A001;93600459;;;BERHASIL;DALAM PROSES
Warung FIFGROUP 3;2026-05-12 13:20:04;INV/QRM/4B1VJ7/260512/2TUSLJB9;6000;0;6000;6000;0;STATIC;A001;ASTRAPAY;;;BERHASIL;DALAM PROSES
Warung FIFGROUP 3;2026-05-12 12:56:54;INV/QRM/4B1VJ7/260512/2OYELVF6;23000;0;23000;23000;0;STATIC;A001;ASTRAPAY;;;BERHASIL;DALAM PROSES
Warung FIFGROUP 3;2026-05-12 12:52:02;INV/QRM/4B1VJ7/260512/2OLUYV2Q;16500;0;16500;16500;0;STATIC;A001;BCA;;;BERHASIL;DALAM PROSES
Warung FIFGROUP 3;2026-05-12 12:37:24;INV/QRM/4B1VJ7/260512/2NGSH6M3;5000;0;5000;5000;0;STATIC;A001;ASTRAPAY;;;BERHASIL;DALAM PROSES
Warung FIFGROUP 3;2026-05-12 12:26:56;INV/QRM/4B1VJ7/260512/2MN4B2CA;15000;0;15000;15000;0;STATIC;A001;BCA;;;BERHASIL;DALAM PROSES
Warung FIFGROUP 3;2026-05-12 12:13:23;INV/QRM/4B1VJ7/260512/2LM34LXG;4000;0;4000;4000;0;STATIC;A001;BCA;;;BERHASIL;DALAM PROSES
Warung FIFGROUP 3;2026-05-12 11:27:54;INV/QRM/4B1VJ7/260512/2F02QTG4;11000;0;11000;11000;0;STATIC;A001;93600472;;;BERHASIL;DALAM PROSES
Warung FIFGROUP 3;2026-05-12 11:26:20;INV/QRM/4B1VJ7/260512/2EWCVUE0;23000;0;23000;23000;0;STATIC;A001;ASTRAPAY;;;BERHASIL;DALAM PROSES
Warung FIFGROUP 3;2026-05-12 10:38:43;INV/QRM/4B1VJ7/260512/284JNTVD;23000;0;23000;23000;0;STATIC;A001;BCA;;;BERHASIL;DALAM PROSES
Warung FIFGROUP 3;2026-05-12 10:22:22;INV/QRM/4B1VJ7/260512/26VI72JG;38000;0;38000;38000;0;STATIC;A001;MANDIRI;;;BERHASIL;DALAM PROSES
Warung FIFGROUP 3;2026-05-12 10:20:09;INV/QRM/4B1VJ7/260512/26PLALYQ;18500;0;18500;18500;0;STATIC;A001;PERMATA;;;BERHASIL;DALAM PROSES
Warung FIFGROUP 3;2026-05-12 10:12:10;INV/QRM/4B1VJ7/260512/263EMNF0;73500;0;73500;73500;0;STATIC;A001;93600472;;;BERHASIL;DALAM PROSES
Warung FIFGROUP 3;2026-05-12 09:56:12;INV/QRM/4B1VJ7/260512/21RWU1XT;11000;0;11000;11000;0;STATIC;A001;93600472;;;BERHASIL;DALAM PROSES
Warung FIFGROUP 3;2026-05-12 09:28:28;INV/QRM/4B1VJ7/260512/1ZMKVMBD;30000;0;30000;30000;0;STATIC;A001;BRI;;;BERHASIL;DALAM PROSES
Warung FIFGROUP 3;2026-05-12 09:25:05;INV/QRM/4B1VJ7/260512/1ZDLZZIC;20000;0;20000;20000;0;STATIC;A001;CIMB;;;BERHASIL;DALAM PROSES
Warung FIFGROUP 3;2026-05-12 08:47:09;INV/QRM/4B1VJ7/260512/1TD12XR2;5500;0;5500;5500;0;STATIC;A001;ASTRAPAY;;;BERHASIL;DALAM PROSES
Warung FIFGROUP 3;2026-05-12 08:37:01;INV/QRM/4B1VJ7/260512/1SL1V16B;23000;0;23000;23000;0;STATIC;A001;BCA;;;BERHASIL;DALAM PROSES
Warung FIFGROUP 3;2026-05-12 08:36:23;INV/QRM/4B1VJ7/260512/1SIV8H10;23000;0;23000;23000;0;STATIC;A001;93600472;;;BERHASIL;DALAM PROSES
Warung FIFGROUP 3;2026-05-12 08:36:21;INV/QRM/4B1VJ7/260512/1SITMGZK;38000;0;38000;38000;0;STATIC;A001;BCA;;;BERHASIL;DALAM PROSES
Warung FIFGROUP 3;2026-05-12 08:36:02;INV/QRM/4B1VJ7/260512/1SIA3K4B;23000;0;23000;23000;0;STATIC;A001;PERMATA;;;BERHASIL;DALAM PROSES
Warung FIFGROUP 3;2026-05-12 08:35:42;INV/QRM/4B1VJ7/260512/1SGMDGQ1;21000;0;21000;21000;0;STATIC;A001;SEABANK;;;BERHASIL;DALAM PROSES
Warung FIFGROUP 3;2026-05-12 08:34:50;INV/QRM/4B1VJ7/260512/1SE2D8BA;23000;0;23000;23000;0;STATIC;A001;BANK_NEO_COMMERCE;;;BERHASIL;DALAM PROSES
Warung FIFGROUP 3;2026-05-12 08:34:42;INV/QRM/4B1VJ7/260512/1SDUKW6N;23000;0;23000;23000;0;STATIC;A001;MANDIRI;;;BERHASIL;DALAM PROSES
Warung FIFGROUP 3;2026-05-11 16:42:55;INV/QRM/4B1VJ7/260511/3IQN1F9D;2000;0;2000;2000;0;STATIC;A001;93600472;;;BERHASIL;DALAM PROSES
Warung FIFGROUP 3;2026-05-11 16:34:22;INV/QRM/4B1VJ7/260511/3I3I8TIG;2000;0;2000;2000;0;STATIC;A001;ASTRAPAY;;;BERHASIL;DALAM PROSES
Warung FIFGROUP 3;2026-05-11 16:31:42;INV/QRM/4B1VJ7/260511/3HVQPM9O;11000;0;11000;11000;0;STATIC;A001;ASTRAPAY;;;BERHASIL;DALAM PROSES
Warung FIFGROUP 3;2026-05-11 16:16:47;INV/QRM/4B1VJ7/260511/3GQ7XSG6;2500;0;2500;2500;0;STATIC;A001;ASTRAPAY;;;BERHASIL;DALAM PROSES
Warung FIFGROUP 3;2026-05-11 16:15:42;INV/QRM/4B1VJ7/260511/3GNA17MU;16500;0;16500;16500;0;STATIC;A001;ASTRAPAY;;;BERHASIL;DALAM PROSES
Warung FIFGROUP 3;2026-05-11 16:07:38;INV/QRM/4B1VJ7/260511/3G0YNXMP;2500;0;2500;2500;0;STATIC;A001;ASTRAPAY;;;BERHASIL;DALAM PROSES
Warung FIFGROUP 3;2026-05-11 16:05:22;INV/QRM/4B1VJ7/260511/3FUYCPHS;2500;0;2500;2500;0;STATIC;A001;ASTRAPAY;;;BERHASIL;DALAM PROSES
Warung FIFGROUP 3;2026-05-11 15:48:57;INV/QRM/4B1VJ7/260511/3BHLI44S;60000;0;60000;60000;0;STATIC;A001;ASTRAPAY;;;BERHASIL;DALAM PROSES
Warung FIFGROUP 3;2026-05-11 15:47:00;INV/QRM/4B1VJ7/260511/3BD87VXV;15000;0;15000;15000;0;STATIC;A001;ASTRAPAY;;;BERHASIL;DALAM PROSES
Warung FIFGROUP 3;2026-05-11 15:38:51;INV/QRM/4B1VJ7/260511/3APNSI5O;21000;0;21000;21000;0;STATIC;A001;ASTRAPAY;;;BERHASIL;DALAM PROSES
Warung FIFGROUP 3;2026-05-11 15:38:07;INV/QRM/4B1VJ7/260511/3AOFQGDO;21000;0;21000;21000;0;STATIC;A001;ASTRAPAY;;;BERHASIL;DALAM PROSES
Warung FIFGROUP 3;2026-05-11 15:26:03;INV/QRM/4B1VJ7/260511/39QZ7BDM;16000;0;16000;16000;0;STATIC;A001;BCA;;;BERHASIL;DALAM PROSES
Warung FIFGROUP 3;2026-05-11 15:07:34;INV/QRM/4B1VJ7/260511/38B2MDOL;21000;0;21000;21000;0;STATIC;A001;BCA;;;BERHASIL;DALAM PROSES
Warung FIFGROUP 3;2026-05-11 14:28:33;INV/QRM/4B1VJ7/260511/327L9W28;15000;0;15000;15000;0;STATIC;A001;BCA;;;BERHASIL;DALAM PROSES
Warung FIFGROUP 3;2026-05-11 13:31:14;INV/QRM/4B1VJ7/260511/2UPM10Q0;9000;0;9000;9000;0;STATIC;A001;ASTRAPAY;;;BERHASIL;DALAM PROSES
Warung FIFGROUP 3;2026-05-11 13:29:39;INV/QRM/4B1VJ7/260511/2UKRQCNL;25000;0;25000;25000;0;STATIC;A001;ASTRAPAY;;;BERHASIL;DALAM PROSES
Warung FIFGROUP 3;2026-05-11 13:20:09;INV/QRM/4B1VJ7/260511/2TUXTEDY;49000;0;49000;49000;0;STATIC;A001;PERMATA;;;BERHASIL;DALAM PROSES
Warung FIFGROUP 3;2026-05-11 13:17:19;INV/QRM/4B1VJ7/260511/2TMVCNCO;50000;0;50000;50000;0;STATIC;A001;SHOPEE;;;BERHASIL;DALAM PROSES
Warung FIFGROUP 3;2026-05-11 13:03:42;INV/QRM/4B1VJ7/260511/2SKMOFLN;67500;0;67500;67500;0;STATIC;A001;ASTRAPAY;;;BERHASIL;DALAM PROSES
Warung FIFGROUP 3;2026-05-11 13:01:02;INV/QRM/4B1VJ7/260511/2SDY5Z32;53000;0;53000;53000;0;STATIC;A001;BCA;;;BERHASIL;DALAM PROSES
Warung FIFGROUP 3;2026-05-11 12:33:09;INV/QRM/4B1VJ7/260511/2N59LETE;18000;0;18000;18000;0;STATIC;A001;93600472;;;BERHASIL;DALAM PROSES
Warung FIFGROUP 3;2026-05-11 12:03:05;INV/QRM/4B1VJ7/260511/2KTTJ10Y;13000;0;13000;13000;0;STATIC;A001;BCA;;;BERHASIL;DALAM PROSES
Warung FIFGROUP 3;2026-05-11 11:13:30;INV/QRM/4B1VJ7/260511/2DWIBL83;10500;0;10500;10500;0;STATIC;A001;ASTRAPAY;;;BERHASIL;DALAM PROSES
Warung FIFGROUP 3;2026-05-11 11:13:23;INV/QRM/4B1VJ7/260511/2DWBNM9Q;4500;0;4500;4500;0;STATIC;A001;BCA;;;BERHASIL;DALAM PROSES
Warung FIFGROUP 3;2026-05-11 11:01:04;INV/QRM/4B1VJ7/260511/2CYGPMO9;15000;0;15000;15000;0;STATIC;A001;BCA;;;BERHASIL;DALAM PROSES
Warung FIFGROUP 3;2026-05-11 11:00:12;INV/QRM/4B1VJ7/260511/2CVW1YCR;15000;0;15000;15000;0;STATIC;A001;BCA;;;BERHASIL;DALAM PROSES
Warung FIFGROUP 3;2026-05-11 10:06:37;INV/QRM/4B1VJ7/260511/25NH2EQS;15000;0;15000;15000;0;STATIC;A001;ASTRAPAY;;;BERHASIL;DALAM PROSES
Warung FIFGROUP 3;2026-05-11 09:20:31;INV/QRM/4B1VJ7/260511/1Z0FC6QV;15000;0;15000;15000;0;STATIC;A001;SHOPEE;;;BERHASIL;DALAM PROSES
Warung FIFGROUP 3;2026-05-07 22:06:51;INV/QRM/4B1VJ7/260507/4Q971HUW;161500;0;161500;161500;0;STATIC;A001;ASTRAPAY;;;BERHASIL;DALAM PROSES
Warung FIFGROUP 3;2026-05-07 16:23:41;INV/QRM/4B1VJ7/260507/3H9HNO2Q;28500;0;28500;28500;0;STATIC;A001;BCA;;;BERHASIL;DALAM PROSES
Warung FIFGROUP 3;2026-05-07 15:54:25;INV/QRM/4B1VJ7/260507/3BXD31KJ;23000;0;23000;23000;0;STATIC;A001;ASTRAPAY;;;BERHASIL;DALAM PROSES
Warung FIFGROUP 3;2026-05-07 14:43:04;INV/QRM/4B1VJ7/260507/33CGDQR9;15000;0;15000;15000;0;STATIC;A001;ASTRAPAY;;;BERHASIL;DALAM PROSES
Warung FIFGROUP 3;2026-05-07 14:11:40;INV/QRM/4B1VJ7/260507/30WKTJM9;7000;0;7000;7000;0;STATIC;A001;ASTRAPAY;;;BERHASIL;DALAM PROSES
Warung FIFGROUP 3;2026-05-07 12:39:03;INV/QRM/4B1VJ7/260507/2NLR6L2U;7000;0;7000;7000;0;STATIC;A001;GOPAY;;;BERHASIL;DALAM PROSES
Warung FIFGROUP 3;2026-05-07 12:03:15;INV/QRM/4B1VJ7/260507/2KU3YTTR;11000;0;11000;11000;0;STATIC;A001;93600472;;;BERHASIL;DALAM PROSES
Warung FIFGROUP 3;2026-05-07 11:51:48;INV/QRM/4B1VJ7/260507/2GUK7BZI;23000;0;23000;23000;0;STATIC;A001;93600472;;;BERHASIL;DALAM PROSES
Warung FIFGROUP 3;2026-05-07 11:24:11;INV/QRM/4B1VJ7/260507/2EQJ40SZ;3500;0;3500;3500;0;STATIC;A001;ASTRAPAY;;;BERHASIL;DALAM PROSES
Warung FIFGROUP 3;2026-05-07 11:19:02;INV/QRM/4B1VJ7/260507/2ECECINX;23000;0;23000;23000;0;STATIC;A001;ASTRAPAY;;;BERHASIL;DALAM PROSES
Warung FIFGROUP 3;2026-05-07 11:17:01;INV/QRM/4B1VJ7/260507/2E6TCGU5;23000;0;23000;23000;0;STATIC;A001;ASTRAPAY;;;BERHASIL;DALAM PROSES
Warung FIFGROUP 3;2026-05-07 11:13:30;INV/QRM/4B1VJ7/260507/2DWIVHJK;35000;0;35000;35000;0;STATIC;A001;MANDIRI;;;BERHASIL;DALAM PROSES
Warung FIFGROUP 3;2026-05-07 10:22:15;INV/QRM/4B1VJ7/260507/26VBYG2Q;23000;0;23000;23000;0;STATIC;A001;BTPN;;;BERHASIL;DALAM PROSES
Warung FIFGROUP 3;2026-05-07 10:01:16;INV/QRM/4B1VJ7/260507/25909X89;43500;0;43500;43500;0;STATIC;A001;ASTRAPAY;;;BERHASIL;DALAM PROSES
Warung FIFGROUP 3;2026-05-07 09:10:02;INV/QRM/4B1VJ7/260507/1Y7UBYSO;23000;0;23000;23000;0;STATIC;A001;SEABANK;;;BERHASIL;DALAM PROSES
Warung FIFGROUP 3;2026-05-07 09:02:23;INV/QRM/4B1VJ7/260507/1XM72UYH;40000;0;40000;40000;0;STATIC;A001;BCA;;;BERHASIL;DALAM PROSES
Warung FIFGROUP 3;2026-05-06 16:30:42;INV/QRM/4B1VJ7/260506/3HSYJGPJ;20500;0;20500;20500;0;STATIC;A001;93600472;;;BERHASIL;DALAM PROSES
Warung FIFGROUP 3;2026-05-06 16:24:33;INV/QRM/4B1VJ7/260506/3HC1F0HK;23000;0;23000;23000;0;STATIC;A001;ASTRAPAY;;;BERHASIL;DALAM PROSES
Warung FIFGROUP 3;2026-05-06 16:19:19;INV/QRM/4B1VJ7/260506/3GXR7V9W;2500;0;2500;2500;0;STATIC;A001;GOPAY;;;BERHASIL;DALAM PROSES
Warung FIFGROUP 3;2026-05-06 16:10:16;INV/QRM/4B1VJ7/260506/3G8OLD1R;33000;0;33000;33000;0;STATIC;A001;PERMATA;;;BERHASIL;DALAM PROSES
Warung FIFGROUP 3;2026-05-06 15:55:16;INV/QRM/4B1VJ7/260506/3BZWCO7J;150500;0;150500;150500;0;STATIC;A001;ASTRAPAY;;;BERHASIL;DALAM PROSES
Warung FIFGROUP 3;2026-05-06 15:48:11;INV/QRM/4B1VJ7/260506/3BGBESS5;25500;0;25500;25500;0;STATIC;A001;ASTRAPAY;;;BERHASIL;DALAM PROSES
Warung FIFGROUP 3;2026-05-06 15:33:54;INV/QRM/4B1VJ7/260506/3ABU0VFU;21000;0;21000;21000;0;STATIC;A001;BCA;;;BERHASIL;DALAM PROSES
Warung FIFGROUP 3;2026-05-06 15:05:06;INV/QRM/4B1VJ7/260506/384QD0EO;10000;0;10000;10000;0;STATIC;A001;93600472;;;BERHASIL;DALAM PROSES
Warung FIFGROUP 3;2026-05-06 14:00:00;INV/QRM/4B1VJ7/260506/300WRWN5;23000;0;23000;23000;0;STATIC;A001;BCA;;;BERHASIL;DALAM PROSES
Warung FIFGROUP 3;2026-05-06 13:54:44;INV/QRM/4B1VJ7/260506/2WICQHGK;23000;0;23000;23000;0;STATIC;A001;ASTRAPAY;;;BERHASIL;DALAM PROSES
Warung FIFGROUP 3;2026-05-06 13:26:29;INV/QRM/4B1VJ7/260506/2UC5QWBA;23000;0;23000;23000;0;STATIC;A001;93600472;;;BERHASIL;DALAM PROSES
Warung FIFGROUP 3;2026-05-06 12:23:36;INV/QRM/4B1VJ7/260506/2ME8V4VT;21000;0;21000;21000;0;STATIC;A001;ASTRAPAY;;;BERHASIL;DALAM PROSES
Warung FIFGROUP 3;2026-05-06 12:23:35;INV/QRM/4B1VJ7/260506/2ME7B2DK;18000;0;18000;18000;0;STATIC;A001;BCA;;;BERHASIL;DALAM PROSES
Warung FIFGROUP 3;2026-05-06 11:59:36;INV/QRM/4B1VJ7/260506/2HGGT8CC;2500;0;2500;2500;0;STATIC;A001;GOPAY;;;BERHASIL;DALAM PROSES
Warung FIFGROUP 3;2026-05-06 11:32:22;INV/QRM/4B1VJ7/260506/2FD2WGSV;21000;0;21000;21000;0;STATIC;A001;ASTRAPAY;;;BERHASIL;DALAM PROSES
Warung FIFGROUP 3;2026-05-06 11:31:15;INV/QRM/4B1VJ7/260506/2FA3KOFQ;11000;0;11000;11000;0;STATIC;A001;ASTRAPAY;;;BERHASIL;DALAM PROSES
Warung FIFGROUP 3;2026-05-06 11:30:22;INV/QRM/4B1VJ7/260506/2F7I2EGU;107500;0;107500;107500;0;STATIC;A001;CIMB;;;BERHASIL;DALAM PROSES
Warung FIFGROUP 3;2026-05-06 11:11:07;INV/QRM/4B1VJ7/260506/2DQBPIQ6;23000;0;23000;23000;0;STATIC;A001;ASTRAPAY;;;BERHASIL;DALAM PROSES
Warung FIFGROUP 3;2026-05-06 11:10:21;INV/QRM/4B1VJ7/260506/2DNXG9HL;10000;0;10000;10000;0;STATIC;A001;ASTRAPAY;;;BERHASIL;DALAM PROSES
Warung FIFGROUP 3;2026-05-06 11:08:27;INV/QRM/4B1VJ7/260506/2DIJ6L71;2500;0;2500;2500;0;STATIC;A001;ASTRAPAY;;;BERHASIL;DALAM PROSES
Warung FIFGROUP 3;2026-05-06 11:06:38;INV/QRM/4B1VJ7/260506/2DDASLK7;22000;0;22000;22000;0;STATIC;A001;PERMATA;;;BERHASIL;DALAM PROSES
Warung FIFGROUP 3;2026-05-06 11:04:15;INV/QRM/4B1VJ7/260506/2D73BWC5;15000;0;15000;15000;0;STATIC;A001;ASTRAPAY;;;BERHASIL;DALAM PROSES
Warung FIFGROUP 3;2026-05-06 11:02:09;INV/QRM/4B1VJ7/260506/2D1DS5N8;23000;0;23000;23000;0;STATIC;A001;GOPAY;;;BERHASIL;DALAM PROSES
Warung FIFGROUP 3;2026-05-06 11:01:47;INV/QRM/4B1VJ7/260506/2CZNZWK3;7500;0;7500;7500;0;STATIC;A001;ASTRAPAY;;;BERHASIL;DALAM PROSES
Warung FIFGROUP 3;2026-05-06 11:01:21;INV/QRM/4B1VJ7/260506/2CYXLOB9;12500;0;12500;12500;0;STATIC;A001;ASTRAPAY;;;BERHASIL;DALAM PROSES
Warung FIFGROUP 3;2026-05-06 11:00:40;INV/QRM/4B1VJ7/260506/2CWOL5MZ;5000;0;5000;5000;0;STATIC;A001;ASTRAPAY;;;BERHASIL;DALAM PROSES
Warung FIFGROUP 3;2026-05-06 11:00:17;INV/QRM/4B1VJ7/260506/2CW1V28T;2500;0;2500;2500;0;STATIC;A001;ASTRAPAY;;;BERHASIL;DALAM PROSES
Warung FIFGROUP 3;2026-05-06 10:59:22;INV/QRM/4B1VJ7/260506/29QAOFRN;2500;0;2500;2500;0;STATIC;A001;ASTRAPAY;;;BERHASIL;DALAM PROSES
Warung FIFGROUP 3;2026-05-06 10:36:52;INV/QRM/4B1VJ7/260506/27Z8A4VY;23000;0;23000;23000;0;STATIC;A001;ASTRAPAY;;;BERHASIL;DALAM PROSES
Warung FIFGROUP 3;2026-05-06 10:06:26;INV/QRM/4B1VJ7/260506/25N6MR2O;15000;0;15000;15000;0;STATIC;A001;ASTRAPAY;;;BERHASIL;DALAM PROSES
Warung FIFGROUP 3;2026-05-06 09:53:40;INV/QRM/4B1VJ7/260506/21KCPFXS;23000;0;23000;23000;0;STATIC;A001;BNI;;;BERHASIL;DALAM PROSES
Warung FIFGROUP 3;2026-05-06 09:14:53;INV/QRM/4B1VJ7/260506/1YKDW9Q0;23000;0;23000;23000;0;STATIC;A001;BNI;;;BERHASIL;DALAM PROSES
Warung FIFGROUP 3;2026-05-06 09:08:53;INV/QRM/4B1VJ7/260506/1Y3PYFV0;15000;0;15000;15000;0;STATIC;A001;ASTRAPAY;;;BERHASIL;DALAM PROSES
Warung FIFGROUP 3;2026-05-05 16:15:06;INV/QRM/4B1VJ7/260505/3GMAGE4N;23000;0;23000;23000;0;STATIC;A001;BCA;;;BERHASIL;DALAM PROSES
Warung FIFGROUP 3;2026-05-05 14:44:08;INV/QRM/4B1VJ7/260505/33FC3F6F;5000;0;5000;5000;0;STATIC;A001;BCA;;;BERHASIL;DALAM PROSES
Warung FIFGROUP 3;2026-05-05 14:31:06;INV/QRM/4B1VJ7/260505/32F6GDFB;15000;0;15000;15000;0;STATIC;A001;BCA;;;BERHASIL;DALAM PROSES
Warung FIFGROUP 3;2026-05-05 13:26:57;INV/QRM/4B1VJ7/260505/2UCXJT1F;120000;0;120000;120000;0;STATIC;A001;PERMATA;;;BERHASIL;DALAM PROSES
Warung FIFGROUP 3;2026-05-05 12:59:23;INV/QRM/4B1VJ7/260505/2P5VRZ7X;2500;0;2500;2500;0;STATIC;A001;BRI;;;BERHASIL;DALAM PROSES
Warung FIFGROUP 3;2026-05-05 11:38:10;INV/QRM/4B1VJ7/260505/2FTELBC6;36000;0;36000;36000;0;STATIC;A001;ASTRAPAY;;;BERHASIL;DALAM PROSES
Warung FIFGROUP 3;2026-05-05 11:19:03;INV/QRM/4B1VJ7/260505/2ECFY5S2;15000;0;15000;15000;0;STATIC;A001;ASTRAPAY;;;BERHASIL;DALAM PROSES
Warung FIFGROUP 3;2026-05-05 11:18:12;INV/QRM/4B1VJ7/260505/2E9WWX8S;23000;0;23000;23000;0;STATIC;A001;ASTRAPAY;;;BERHASIL;DALAM PROSES
Warung FIFGROUP 3;2026-05-05 11:09:56;INV/QRM/4B1VJ7/260505/2DM4XYDH;23000;0;23000;23000;0;STATIC;A001;93600472;;;BERHASIL;DALAM PROSES
Warung FIFGROUP 3;2026-05-05 09:51:21;INV/QRM/4B1VJ7/260505/21E9L6H1;4000;0;4000;4000;0;STATIC;A001;ASTRAPAY;;;BERHASIL;DALAM PROSES
Warung FIFGROUP 3;2026-05-05 09:50:33;INV/QRM/4B1VJ7/260505/21BTYWQY;10000;0;10000;10000;0;STATIC;A001;SHOPEE;;;BERHASIL;DALAM PROSES
Warung FIFGROUP 3;2026-05-05 09:48:11;INV/QRM/4B1VJ7/260505/215N5MO1;6000;0;6000;6000;0;STATIC;A001;93600472;;;BERHASIL;DALAM PROSES
Warung FIFGROUP 3;2026-05-05 09:20:57;INV/QRM/4B1VJ7/260505/1Z15SUWR;15000;0;15000;15000;0;STATIC;A001;BANK_JAGO;;;BERHASIL;DALAM PROSES
Warung FIFGROUP 3;2026-05-04 16:55:19;INV/QRM/4B1VJ7/260504/3JPRIKK9;17500;0;17500;17500;0;STATIC;A001;93600472;;;BERHASIL;DALAM PROSES
Warung FIFGROUP 3;2026-05-04 16:19:18;INV/QRM/4B1VJ7/260504/3GXQY0IQ;10000;0;10000;10000;0;STATIC;A001;ASTRAPAY;;;BERHASIL;DALAM PROSES
Warung FIFGROUP 3;2026-05-04 16:18:11;INV/QRM/4B1VJ7/260504/3GURBNW6;20500;0;20500;20500;0;STATIC;A001;BCA;;;BERHASIL;DALAM PROSES
Warung FIFGROUP 3;2026-05-04 16:05:17;INV/QRM/4B1VJ7/260504/3FUTDQCR;6500;0;6500;6500;0;STATIC;A001;BANK_JAGO;;;BERHASIL;DALAM PROSES
Warung FIFGROUP 3;2026-05-04 15:42:19;INV/QRM/4B1VJ7/260504/3AZVYMD6;2500;0;2500;2500;0;STATIC;A001;ASTRAPAY;;;BERHASIL;DALAM PROSES
Warung FIFGROUP 3;2026-05-04 15:35:09;INV/QRM/4B1VJ7/260504/3AG5AALX;10000;0;10000;10000;0;STATIC;A001;ASTRAPAY;;;BERHASIL;DALAM PROSES
Warung FIFGROUP 3;2026-05-04 15:33:45;INV/QRM/4B1VJ7/260504/3ABL5KXM;15000;0;15000;15000;0;STATIC;A001;ASTRAPAY;;;BERHASIL;DALAM PROSES
Warung FIFGROUP 3;2026-05-04 15:33:02;INV/QRM/4B1VJ7/260504/3AAE8RC2;4000;0;4000;4000;0;STATIC;A001;ASTRAPAY;;;BERHASIL;DALAM PROSES
Warung FIFGROUP 3;2026-05-04 14:22:59;INV/QRM/4B1VJ7/260504/31RNMQDR;2500;0;2500;2500;0;STATIC;A001;OVO;;;BERHASIL;DALAM PROSES
Warung FIFGROUP 3;2026-05-04 12:06:01;INV/QRM/4B1VJ7/260504/2L21WS5Y;18000;0;18000;18000;0;STATIC;A001;BCA;;;BERHASIL;DALAM PROSES
Warung FIFGROUP 3;2026-05-04 12:03:03;INV/QRM/4B1VJ7/260504/2KTR5Y0C;23000;0;23000;23000;0;STATIC;A001;ASTRAPAY;;;BERHASIL;DALAM PROSES
Warung FIFGROUP 3;2026-05-04 11:27:04;INV/QRM/4B1VJ7/260504/2EYOND3W;23000;0;23000;23000;0;STATIC;A001;ASTRAPAY;;;BERHASIL;DALAM PROSES
Warung FIFGROUP 3;2026-05-04 10:47:50;INV/QRM/4B1VJ7/260504/28TQJPKJ;23000;0;23000;23000;0;STATIC;A001;ASTRAPAY;;;BERHASIL;DALAM PROSES
Warung FIFGROUP 3;2026-05-04 10:38:27;INV/QRM/4B1VJ7/260504/2843O7W7;10000;0;10000;10000;0;STATIC;A001;PERMATA;;;BERHASIL;DALAM PROSES
Warung FIFGROUP 3;2026-05-04 10:37:33;INV/QRM/4B1VJ7/260504/281H9DWH;23000;0;23000;23000;0;STATIC;A001;ASTRAPAY;;;BERHASIL;DALAM PROSES
Warung FIFGROUP 3;2026-05-04 10:37:16;INV/QRM/4B1VJ7/260504/2810VNB4;23000;0;23000;23000;0;STATIC;A001;ASTRAPAY;;;BERHASIL;DALAM PROSES
Warung FIFGROUP 3;2026-05-04 10:36:45;INV/QRM/4B1VJ7/260504/27Z16YS0;18000;0;18000;18000;0;STATIC;A001;ASTRAPAY;;;BERHASIL;DALAM PROSES
Warung FIFGROUP 3;2026-05-04 10:13:47;INV/QRM/4B1VJ7/260504/26779BK7;4000;0;4000;4000;0;STATIC;A001;BCA;;;BERHASIL;DALAM PROSES
Warung FIFGROUP 3;2026-04-30 19:14:23;INV/QRM/4B1VJ7/260430/43PBQ9HB;23000;0;23000;23000;0;STATIC;A001;ASTRAPAY;;;BERHASIL;DALAM PROSES
Warung FIFGROUP 3;2026-04-30 16:45:29;INV/QRM/4B1VJ7/260430/3IY9RUHO;23000;0;23000;23000;0;STATIC;A001;BANK_JAGO;;;BERHASIL;DALAM PROSES
Warung FIFGROUP 3;2026-04-30 16:44:30;INV/QRM/4B1VJ7/260430/3IVIS653;15000;0;15000;15000;0;STATIC;A001;MANDIRI;;;BERHASIL;DALAM PROSES
Warung FIFGROUP 3;2026-04-30 14:54:56;INV/QRM/4B1VJ7/260430/348GKDCD;10000;0;10000;10000;0;STATIC;A001;ASTRAPAY;;;BERHASIL;DALAM PROSES
Warung FIFGROUP 3;2026-04-30 14:54:46;INV/QRM/4B1VJ7/260430/3486FVXK;25000;0;25000;25000;0;STATIC;A001;ASTRAPAY;;;BERHASIL;DALAM PROSES
Warung FIFGROUP 3;2026-04-30 13:23:16;INV/QRM/4B1VJ7/260430/2U3GQO6Y;15000;0;15000;15000;0;STATIC;A001;GOPAY;;;BERHASIL;DALAM PROSES
Warung FIFGROUP 3;2026-04-30 13:21:35;INV/QRM/4B1VJ7/260430/2TYFGQ3V;2000;0;2000;2000;0;STATIC;A001;GOPAY;;;BERHASIL;DALAM PROSES
Warung FIFGROUP 3;2026-04-30 13:19:03;INV/QRM/4B1VJ7/260430/2TRZ59VT;15000;0;15000;15000;0;STATIC;A001;BCA;;;BERHASIL;DALAM PROSES
Warung FIFGROUP 3;2026-04-30 11:39:19;INV/QRM/4B1VJ7/260430/2FWFTXF1;30000;0;30000;30000;0;STATIC;A001;PERMATA;;;BERHASIL;DALAM PROSES
Warung FIFGROUP 3;2026-04-30 11:37:42;INV/QRM/4B1VJ7/260430/2FRIYO0K;285000;0;285000;285000;0;STATIC;A001;PERMATA;;;BERHASIL;DALAM PROSES
Warung FIFGROUP 3;2026-04-30 11:14:17;INV/QRM/4B1VJ7/260430/2DYXJN3V;2000;0;2000;2000;0;STATIC;A001;ASTRAPAY;;;BERHASIL;DALAM PROSES
Warung FIFGROUP 3;2026-04-30 11:13:15;INV/QRM/4B1VJ7/260430/2DW3RE1F;23000;0;23000;23000;0;STATIC;A001;93600472;;;BERHASIL;DALAM PROSES
Warung FIFGROUP 3;2026-04-30 11:10:03;INV/QRM/4B1VJ7/260430/2DNFAJQ5;15000;0;15000;15000;0;STATIC;A001;ASTRAPAY;;;BERHASIL;DALAM PROSES
Warung FIFGROUP 3;2026-04-30 11:09:38;INV/QRM/4B1VJ7/260430/2DLMURZN;15000;0;15000;15000;0;STATIC;A001;ASTRAPAY;;;BERHASIL;DALAM PROSES
Warung FIFGROUP 3;2026-04-30 11:06:37;INV/QRM/4B1VJ7/260430/2DD9SNI5;23000;0;23000;23000;0;STATIC;A001;ASTRAPAY;;;BERHASIL;DALAM PROSES
Warung FIFGROUP 3;2026-04-30 11:05:51;INV/QRM/4B1VJ7/260430/2DAVW0X2;18000;0;18000;18000;0;STATIC;A001;ASTRAPAY;;;BERHASIL;DALAM PROSES
Warung FIFGROUP 3;2026-04-30 11:05:27;INV/QRM/4B1VJ7/260430/2DA77IL0;15000;0;15000;15000;0;STATIC;A001;ASTRAPAY;;;BERHASIL;DALAM PROSES
Warung FIFGROUP 3;2026-04-30 10:55:59;INV/QRM/4B1VJ7/260430/29G7RFZC;15000;0;15000;15000;0;STATIC;A001;ASTRAPAY;;;BERHASIL;DALAM PROSES
Warung FIFGROUP 3;2026-04-30 10:54:51;INV/QRM/4B1VJ7/260430/29D7H513;23000;0;23000;23000;0;STATIC;A001;ASTRAPAY;;;BERHASIL;DALAM PROSES
Warung FIFGROUP 3;2026-04-30 10:54:14;INV/QRM/4B1VJ7/260430/29C6FGY3;23000;0;23000;23000;0;STATIC;A001;ASTRAPAY;;;BERHASIL;DALAM PROSES
Warung FIFGROUP 3;2026-04-30 10:53:07;INV/QRM/4B1VJ7/260430/2997KLF5;2500;0;2500;2500;0;STATIC;A001;ASTRAPAY;;;BERHASIL;DALAM PROSES
Warung FIFGROUP 3;2026-04-30 10:51:58;INV/QRM/4B1VJ7/260430/29522FQ5;41000;0;41000;41000;0;STATIC;A001;ASTRAPAY;;;BERHASIL;DALAM PROSES
Warung FIFGROUP 3;2026-04-30 10:50:10;INV/QRM/4B1VJ7/260430/290YAN2M;58000;0;58000;58000;0;STATIC;A001;BCA;;;BERHASIL;DALAM PROSES
Warung FIFGROUP 3;2026-04-30 10:48:20;INV/QRM/4B1VJ7/260430/28VOK78Y;35000;0;35000;35000;0;STATIC;A001;ASTRAPAY;;;BERHASIL;DALAM PROSES
Warung FIFGROUP 3;2026-04-30 10:43:13;INV/QRM/4B1VJ7/260430/28HLYX69;86500;0;86500;86500;0;STATIC;A001;BCA;;;BERHASIL;DALAM PROSES
Warung FIFGROUP 3;2026-04-30 10:32:55;INV/QRM/4B1VJ7/260430/27O7TINL;21000;0;21000;21000;0;STATIC;A001;ASTRAPAY;;;BERHASIL;DALAM PROSES
Warung FIFGROUP 3;2026-04-30 10:28:35;INV/QRM/4B1VJ7/260430/27CJ9P0X;23000;0;23000;23000;0;STATIC;A001;93600472;;;BERHASIL;DALAM PROSES
Warung FIFGROUP 3;2026-04-30 10:26:19;INV/QRM/4B1VJ7/260430/276JP4N9;23000;0;23000;23000;0;STATIC;A001;ASTRAPAY;;;BERHASIL;DALAM PROSES
